,date,open,high,low,close,volume,average,barCount,bb_bbm,bb_bbh,bb_bbl,VWAP,RSI,STsupp,STres,LTsupp,LTres,GLD,UVXY,SQQQ
0,2021-10-14 06:30:00,439.08,439.45,439.06,439.18,7368,439.228,2731,,,,439.18,,439.03,439.28,436.12,443.22,168.2,18.88,8.2
1,2021-10-14 06:31:00,439.18,439.31,439.06,439.19,3424,439.207,1761,,,,439.1832,100.0,439.03,439.28,436.12,443.22,168.16,18.84,8.19
2,2021-10-14 06:32:00,439.19,439.28,439.06,439.28,2670,439.158,1635,,,,439.2024,100.0,439.28,439.33,436.12,443.22,168.04,18.72,8.19
3,2021-10-14 06:33:00,439.26,439.33,438.99,439.05,2638,439.091,1552,,,,439.1774,47.0395,439.03,439.28,436.12,443.22,168.08,18.78,8.21
4,2021-10-14 06:34:00,439.05,439.11,438.85,438.85,2782,439.004,1792,,,,439.1292,31.4445,435.0,439.03,436.12,443.22,168.0,18.84,8.21
5,2021-10-14 06:35:00,438.85,438.93,438.68,438.78,3874,438.81,2200,,,,439.0697,27.9517,435.0,439.03,436.12,443.22,168.04,18.89,8.2
6,2021-10-14 06:36:00,438.75,439.0,438.68,438.92,2260,438.849,1306,,,,439.0562,41.8613,435.0,439.03,436.12,443.22,167.95,18.89,8.21
7,2021-10-14 06:37:00,438.92,439.03,438.71,438.81,1992,438.88,1296,,,,439.038,35.9832,435.0,439.03,436.12,443.22,167.98,18.91,8.21
8,2021-10-14 06:38:00,438.81,438.91,438.74,438.79,2273,438.842,1312,,,,439.0188,35.0203,435.0,439.03,436.12,443.22,167.95,18.9,8.19
9,2021-10-14 06:39:00,438.79,438.88,438.58,438.66,1526,438.707,930,,,,439.001,29.4954,435.0,439.03,436.12,443.22,167.82,18.92,8.19
10,2021-10-14 06:40:00,438.66,438.99,438.64,438.97,2490,438.864,1479,,,,438.9987,49.8238,435.0,439.03,436.12,443.22,167.96,18.87,8.15
11,2021-10-14 06:41:00,438.96,439.38,438.91,439.18,9532,439.068,2206,,,,439.039,58.5439,439.03,439.28,436.12,443.22,167.87,18.82,8.16
12,2021-10-14 06:42:00,439.17,439.41,439.14,439.39,2854,439.271,1565,,,,439.061,65.0795,439.33,439.86,436.12,443.22,167.89,18.82,8.15
13,2021-10-14 06:43:00,439.38,439.75,439.05,439.29,4556,439.472,2925,,,,439.0817,60.2116,439.28,439.33,436.12,443.22,167.79,18.78,8.15
14,2021-10-14 06:44:00,439.3,439.35,439.1,439.14,2483,439.213,1471,,,,439.0845,53.7205,439.03,439.28,436.12,443.22,167.77,18.82,8.17
15,2021-10-14 06:45:00,439.13,439.51,439.13,439.41,2775,439.377,1737,,,,439.1008,61.72,439.33,439.86,436.12,443.22,167.88,18.79,8.16
16,2021-10-14 06:46:00,439.42,439.66,439.41,439.65,2272,439.548,1254,,,,439.1224,67.1548,439.33,439.86,436.12,443.22,167.89,18.74,8.13
17,2021-10-14 06:47:00,439.66,439.86,439.66,439.76,2928,439.79,1845,,,,439.1531,69.3057,439.33,439.86,436.12,443.22,167.87,18.74,8.13
18,2021-10-14 06:48:00,439.76,439.77,439.38,439.49,1964,439.567,1211,,,,439.1637,59.0788,439.33,439.86,436.12,443.22,167.84,18.82,8.13
19,2021-10-14 06:49:00,439.48,439.59,439.42,439.54,932,439.507,562,439.1665,439.7759,438.5571,439.1692,60.2486,439.33,439.86,436.12,443.22,167.87,18.81,8.14
20,2021-10-14 06:50:00,439.55,439.59,439.43,439.47,2571,439.529,1481,439.181,439.8047,438.5573,439.1809,57.7591,439.33,439.86,436.12,443.22,167.85,18.8,8.13
21,2021-10-14 06:51:00,439.48,439.57,439.36,439.57,1785,439.466,1040,439.2,439.8463,438.5537,439.1911,60.2839,439.33,439.86,436.12,443.22,167.84,18.79,8.13
22,2021-10-14 06:52:00,439.56,439.72,439.48,439.53,1930,439.597,1199,439.2125,439.874,438.551,439.2005,58.7707,439.33,439.86,436.12,443.22,167.84,18.81,8.11
23,2021-10-14 06:53:00,439.53,439.71,439.45,439.67,1456,439.578,995,439.2435,439.9293,438.5577,439.2101,62.3342,439.33,439.86,436.12,443.22,167.9,18.79,8.12
24,2021-10-14 06:54:00,439.67,439.67,439.33,439.49,2897,439.547,1584,439.2755,439.9444,438.6066,439.221,55.6717,439.33,439.86,436.12,443.22,167.91,18.8,8.13
25,2021-10-14 06:55:00,439.49,439.59,439.39,439.54,1571,439.508,869,439.3135,439.9511,438.6759,439.2276,57.0451,439.33,439.86,436.12,443.22,167.88,18.82,8.13
26,2021-10-14 06:56:00,439.53,439.59,439.45,439.47,1189,439.538,806,439.341,439.9554,438.7266,439.2313,54.4993,439.33,439.86,436.12,443.22,167.85,18.86,8.14
27,2021-10-14 06:57:00,439.46,439.57,439.32,439.33,782,439.47,519,439.367,439.9313,438.8027,439.2323,49.7201,439.33,439.86,436.12,443.22,167.9,18.9,8.14
28,2021-10-14 06:58:00,439.32,439.46,439.28,439.4,1386,439.367,976,439.3975,439.8958,438.8992,439.2353,51.9872,439.33,439.86,436.12,443.22,167.89,18.89,8.13
29,2021-10-14 06:59:00,439.42,439.58,439.39,439.57,837,439.495,618,439.443,439.8134,439.0726,439.2388,57.052,439.33,439.86,436.12,443.22,167.92,18.82,8.13
30,2021-10-14 07:00:00,439.58,439.95,439.58,439.93,2079,439.762,1320,439.491,439.8525,439.1295,439.2563,65.3805,439.86,440.26,436.12,443.22,168.0,18.78,8.12
31,2021-10-14 07:01:00,439.95,440.22,439.95,440.21,2255,440.094,1374,439.5425,439.9943,439.0907,439.2818,70.2179,439.86,440.26,436.12,443.22,168.03,18.78,8.09
32,2021-10-14 07:02:00,440.21,440.46,440.21,440.43,2434,440.363,1439,439.5945,440.1829,439.0061,439.314,73.3669,440.41,440.56,436.12,443.22,168.08,18.76,8.08
33,2021-10-14 07:03:00,440.45,440.47,440.31,440.46,2042,440.403,1005,439.653,440.334,438.972,439.3403,73.7741,440.41,440.56,436.12,443.22,168.11,18.76,8.09
34,2021-10-14 07:04:00,440.47,440.57,440.41,440.52,1534,440.508,887,439.722,440.4585,438.9855,439.3604,74.6103,440.41,440.56,436.12,443.22,168.19,18.78,8.08
35,2021-10-14 07:05:00,440.52,440.65,440.51,440.54,2825,440.592,964,439.7785,440.581,438.976,439.3961,74.8976,440.41,440.56,436.12,443.22,168.14,18.79,8.08
36,2021-10-14 07:06:00,440.55,440.58,440.51,440.53,1424,440.54,869,439.8225,440.6862,438.9588,439.4132,74.444,440.41,440.56,436.12,443.22,168.16,18.8,8.06
37,2021-10-14 07:07:00,440.53,440.55,440.41,440.42,2868,440.494,1151,439.8555,440.7567,438.9543,439.4428,69.4608,440.41,440.56,436.12,443.22,168.18,18.8,8.07
38,2021-10-14 07:08:00,440.41,440.48,440.27,440.29,3451,440.368,1692,439.8955,440.7993,438.9917,439.4718,64.0078,440.26,440.41,436.12,443.22,168.21,18.8,8.08
39,2021-10-14 07:09:00,440.29,440.36,440.26,440.32,1241,440.311,624,439.9345,440.8409,439.0281,439.4821,64.6966,440.26,440.41,436.12,443.22,168.19,18.79,8.08
40,2021-10-14 07:10:00,440.33,440.47,440.29,440.43,1729,440.371,829,439.9825,440.8871,439.0779,439.4979,67.1769,440.41,440.56,436.12,443.22,168.17,18.77,8.08
41,2021-10-14 07:11:00,440.42,440.55,440.36,440.53,909,440.459,528,440.0305,440.9442,439.1168,439.5068,69.2893,440.41,440.56,436.12,443.22,168.19,18.77,8.06
42,2021-10-14 07:12:00,440.53,440.63,440.45,440.63,1871,440.521,894,440.0855,441.0045,439.1665,439.5265,71.2798,440.62,440.65,436.12,443.22,168.16,18.76,8.06
43,2021-10-14 07:13:00,440.63,440.78,440.61,440.7,1456,440.684,973,440.137,441.0724,439.2016,439.5423,72.6177,440.65,440.73,436.12,443.22,168.16,18.77,8.06
44,2021-10-14 07:14:00,440.71,440.73,440.57,440.71,1409,440.638,813,440.198,441.1156,439.2804,439.5574,72.8125,440.65,440.73,436.12,443.22,168.1,18.78,8.06
45,2021-10-14 07:15:00,440.72,440.83,440.7,440.76,1977,440.768,1032,440.259,441.1555,439.3625,439.5787,73.8158,440.73,440.79,436.12,443.22,168.05,18.78,8.05
46,2021-10-14 07:16:00,440.76,440.8,440.69,440.75,1175,440.747,824,440.323,441.1663,439.4797,439.5909,73.2337,440.73,440.79,436.12,443.22,168.13,18.78,8.06
47,2021-10-14 07:17:00,440.76,440.88,440.72,440.87,1532,440.815,867,440.4,441.1416,439.6584,439.6081,75.7091,440.84,441.02,436.12,443.22,168.07,18.78,8.05
48,2021-10-14 07:18:00,440.88,440.96,440.85,440.9,1826,440.911,984,440.475,441.0894,439.8606,439.6284,76.2992,440.84,441.02,436.12,443.22,168.06,18.78,8.05
49,2021-10-14 07:19:00,440.9,440.94,440.79,440.8,1102,440.869,714,440.5365,441.0052,440.0678,439.6394,70.179,440.79,440.83,436.12,443.22,168.1,18.8,8.06
50,2021-10-14 07:20:00,440.8,440.97,440.62,440.69,3130,440.773,1749,440.5745,440.9554,440.1936,439.6668,64.0892,440.65,440.73,436.12,443.22,168.15,18.8,8.07
51,2021-10-14 07:21:00,440.7,440.75,440.64,440.71,997,440.697,665,440.5995,440.9454,440.2536,439.6753,64.6892,440.65,440.73,436.12,443.22,168.17,18.8,8.07
52,2021-10-14 07:22:00,440.71,440.9,440.71,440.83,1996,440.823,1276,440.6195,440.9701,440.2689,439.694,68.1297,440.83,440.84,436.12,443.22,168.16,18.8,8.07
53,2021-10-14 07:23:00,440.83,440.92,440.79,440.81,1047,440.862,675,440.637,440.989,440.285,439.7034,66.9587,440.79,440.83,436.12,443.22,168.17,18.78,8.07
54,2021-10-14 07:24:00,440.82,440.92,440.82,440.87,991,440.868,566,440.6545,441.0161,440.2929,439.7127,68.6969,440.84,441.02,436.12,443.22,168.22,18.77,8.08
55,2021-10-14 07:25:00,440.87,440.9,440.67,440.69,1222,440.776,719,440.662,441.02,440.304,439.7221,58.717,440.65,440.73,436.12,443.22,168.13,18.8,8.08
56,2021-10-14 07:26:00,440.69,440.78,440.69,440.76,904,440.736,544,440.6735,441.0286,440.3184,439.7295,61.0847,440.73,440.79,436.12,443.22,168.07,18.81,8.08
57,2021-10-14 07:27:00,440.77,440.77,440.66,440.68,1243,440.701,782,440.6865,441.022,440.351,439.7386,57.0572,440.65,440.73,436.12,443.22,168.06,18.84,8.08
58,2021-10-14 07:28:00,440.7,440.71,440.57,440.59,1039,440.64,616,440.7015,440.988,440.415,439.7455,52.8366,440.56,440.62,436.12,443.22,167.96,18.82,8.08
59,2021-10-14 07:29:00,440.59,440.66,440.56,440.59,1433,440.6,871,440.715,440.949,440.481,439.7547,52.8366,440.56,440.62,436.12,443.22,168.0,18.82,8.09
60,2021-10-14 07:30:00,440.6,440.78,440.57,440.67,1597,440.647,992,440.727,440.9228,440.5312,439.7657,56.1783,440.65,440.73,436.12,443.22,167.91,18.82,8.09
61,2021-10-14 07:31:00,440.66,440.69,440.6,440.68,1426,440.637,945,440.7345,440.9099,440.5591,439.7754,56.5923,440.65,440.73,436.12,443.22,167.93,18.82,8.08
62,2021-10-14 07:32:00,440.68,440.8,440.57,440.8,1668,440.679,1210,440.743,440.9138,440.5722,439.788,61.3156,440.79,440.83,436.12,443.22,167.97,18.81,8.07
63,2021-10-14 07:33:00,440.8,440.83,440.71,440.71,1483,440.778,975,440.7435,440.9138,440.5732,439.798,56.3621,440.65,440.73,436.12,443.22,168.01,18.81,8.08
64,2021-10-14 07:34:00,440.71,440.73,440.46,440.47,1603,440.555,944,440.7315,440.9393,440.5237,439.8057,45.7484,440.41,440.56,436.12,443.22,168.04,18.83,8.09
65,2021-10-14 07:35:00,440.48,440.52,440.33,440.39,1631,440.417,999,440.713,440.9679,440.4581,439.8125,42.8517,440.26,440.41,436.12,443.22,168.08,18.82,8.08
66,2021-10-14 07:36:00,440.41,440.42,440.33,440.37,909,440.372,577,440.694,440.9886,440.3994,439.8161,42.1334,440.26,440.41,436.12,443.22,168.08,18.83,8.09
67,2021-10-14 07:37:00,440.37,440.49,440.35,440.47,890,440.417,599,440.674,440.9724,440.3756,439.8202,46.9238,440.41,440.56,436.12,443.22,168.06,18.82,8.09
68,2021-10-14 07:38:00,440.48,440.68,440.44,440.67,834,440.568,555,440.6625,440.9423,440.3827,439.8251,54.9554,440.65,440.73,436.12,443.22,168.04,18.83,8.07
69,2021-10-14 07:39:00,440.67,440.71,440.59,440.63,879,440.649,504,440.654,440.9268,440.3812,439.83,53.2208,440.62,440.65,436.12,443.22,167.97,18.84,8.07
70,2021-10-14 07:40:00,440.63,440.7,440.62,440.64,1138,440.652,533,440.6515,440.9238,440.3792,439.8364,53.615,440.62,440.65,436.12,443.22,167.97,18.84,8.08
71,2021-10-14 07:41:00,440.64,440.72,440.58,440.7,748,440.644,436,440.651,440.9229,440.3791,439.8408,56.0101,440.65,440.73,436.12,443.22,167.93,18.8,8.08
72,2021-10-14 07:42:00,440.71,440.73,440.54,440.57,1006,440.594,644,440.638,440.8991,440.3769,439.8458,49.9875,440.56,440.62,436.12,443.22,167.9,18.81,8.09
73,2021-10-14 07:43:00,440.58,440.62,440.41,440.46,910,440.516,702,440.6205,440.8801,440.3609,439.8496,45.5266,440.41,440.56,436.12,443.22,167.95,18.84,8.08
74,2021-10-14 07:44:00,440.47,440.54,440.45,440.54,596,440.498,381,440.604,440.8388,440.3692,439.8524,49.0852,440.41,440.56,436.12,443.22,167.89,18.84,8.08
75,2021-10-14 07:45:00,440.54,440.65,440.51,440.65,621,440.577,388,440.602,440.8345,440.3695,439.8557,53.5761,440.65,440.73,436.12,443.22,167.85,18.81,8.07
76,2021-10-14 07:46:00,440.65,440.72,440.63,440.7,767,440.673,461,440.599,440.8247,440.3733,439.86,55.4976,440.65,440.73,436.12,443.22,167.8,18.79,8.06
77,2021-10-14 07:47:00,440.71,440.8,440.69,440.77,778,440.747,556,440.6035,440.8389,440.3681,439.8647,58.1115,440.73,440.79,436.12,443.22,167.84,18.78,8.06
78,2021-10-14 07:48:00,440.77,440.95,440.76,440.94,989,440.823,610,440.621,440.8981,440.3439,439.8717,63.6895,440.84,441.02,436.12,443.22,167.88,18.77,8.05
79,2021-10-14 07:49:00,440.94,441.03,440.9,440.99,1654,440.978,988,440.641,440.9607,440.3213,439.8838,65.1591,440.84,441.02,436.12,443.22,167.87,18.78,8.05
80,2021-10-14 07:50:00,441.0,441.16,440.98,441.13,1749,441.081,1049,440.664,441.0484,440.2796,439.8978,68.9485,441.03,441.15,436.12,443.22,167.89,18.76,8.04
81,2021-10-14 07:51:00,441.14,441.22,441.11,441.2,964,441.172,583,440.69,441.14,440.24,439.9059,70.6664,441.15,441.22,436.12,443.22,167.97,18.78,8.04
82,2021-10-14 07:52:00,441.2,441.2,441.12,441.13,914,441.165,498,440.7065,441.194,440.219,439.913,66.6928,441.03,441.15,436.12,443.22,168.0,18.78,8.05
83,2021-10-14 07:53:00,441.13,441.16,441.06,441.12,891,441.115,530,440.727,441.2468,440.2072,439.9198,66.1208,441.03,441.15,436.12,443.22,167.97,18.78,8.05
84,2021-10-14 07:54:00,441.11,441.13,441.03,441.1,801,441.087,502,440.7585,441.2885,440.2285,439.9258,64.9215,441.03,441.15,436.12,443.22,167.96,18.81,8.06
85,2021-10-14 07:55:00,441.11,441.17,441.04,441.16,1146,441.108,680,440.797,441.3262,440.2678,439.9347,66.8633,441.15,441.22,436.12,443.22,168.01,18.79,8.05
86,2021-10-14 07:56:00,441.16,441.2,441.09,441.19,539,441.135,332,440.838,441.3554,440.3206,439.9389,67.8224,441.15,441.22,436.12,443.22,167.99,18.79,8.06
87,2021-10-14 07:57:00,441.19,441.2,441.1,441.12,1111,441.146,597,440.8705,441.3728,440.3682,439.947,63.2241,441.03,441.15,436.12,443.22,167.97,18.81,8.07
88,2021-10-14 07:58:00,441.12,441.16,441.08,441.11,1003,441.131,566,440.8925,441.3963,440.3887,439.9542,62.5714,441.03,441.15,436.12,443.22,167.97,18.81,8.07
89,2021-10-14 07:59:00,441.11,441.24,441.03,441.21,1267,441.153,803,440.9215,441.4283,440.4147,439.9639,66.3161,441.15,441.22,436.12,443.22,168.0,18.81,8.06
90,2021-10-14 08:00:00,441.21,441.21,441.11,441.16,535,441.155,385,440.9475,441.4471,440.4479,439.9678,62.9261,441.15,441.22,436.12,443.22,167.96,18.84,8.06
91,2021-10-14 08:01:00,441.16,441.18,441.05,441.09,865,441.117,635,440.967,441.4568,440.4772,439.9737,58.4234,441.03,441.15,436.12,443.22,168.02,18.83,8.07
92,2021-10-14 08:02:00,441.08,441.19,441.06,441.13,912,441.137,630,440.995,441.4539,440.5361,439.98,60.1769,441.03,441.15,436.12,443.22,168.02,18.82,8.06
93,2021-10-14 08:03:00,441.14,441.29,440.97,441.01,2480,441.109,1547,441.0225,441.4103,440.6347,439.9952,52.9603,440.84,441.02,436.12,443.22,168.03,18.81,8.07
94,2021-10-14 08:04:00,441.01,441.02,440.84,440.87,1382,440.906,902,441.039,441.3667,440.7113,440.0023,46.0255,440.84,441.02,436.12,443.22,168.03,18.82,8.07
95,2021-10-14 08:05:00,440.89,440.93,440.79,440.82,1398,440.877,787,441.0475,441.3414,440.7536,440.009,43.8187,440.79,440.83,436.12,443.22,167.96,18.84,8.08
96,2021-10-14 08:06:00,440.82,441.03,440.82,441.02,768,440.973,505,441.0635,441.3112,440.8158,440.0135,53.4362,441.02,441.03,436.12,443.22,167.99,18.81,8.07
97,2021-10-14 08:07:00,441.01,441.14,441.0,441.12,618,441.08,379,441.081,441.2897,440.8723,440.0175,57.3661,441.03,441.15,436.12,443.22,167.94,18.82,8.06
98,2021-10-14 08:08:00,441.12,441.15,440.99,441.05,593,441.053,364,441.0865,441.2856,440.8874,440.021,53.9346,441.03,441.15,436.12,443.22,167.96,18.82,8.07
99,2021-10-14 08:09:00,441.05,441.06,441.0,441.02,585,441.021,306,441.088,441.2846,440.8914,440.0244,52.4856,441.02,441.03,436.12,443.22,167.94,18.82,8.07
100,2021-10-14 08:10:00,441.03,441.04,440.89,440.96,1415,440.946,701,441.0795,441.2827,440.8763,440.0319,49.6146,440.84,441.02,436.12,443.22,167.93,18.82,8.07
101,2021-10-14 08:11:00,440.96,441.03,440.93,440.99,658,440.98,384,441.069,441.2679,440.8701,440.0355,51.0562,440.84,441.02,436.12,443.22,167.97,18.82,8.08
102,2021-10-14 08:12:00,440.99,441.03,440.94,440.97,750,440.989,436,441.061,441.2623,440.8597,440.0395,50.0285,440.84,441.02,436.12,443.22,167.97,18.82,8.06
103,2021-10-14 08:13:00,440.99,441.0,440.88,440.98,563,440.945,366,441.054,441.2563,440.8517,440.0425,50.5643,440.84,441.02,436.12,443.22,167.99,18.81,8.07
104,2021-10-14 08:14:00,440.98,440.99,440.84,440.9,583,440.909,368,441.044,441.2558,440.8322,440.0453,46.2885,440.84,441.02,436.12,443.22,168.06,18.82,8.06
105,2021-10-14 08:15:00,440.91,441.04,440.87,441.03,597,440.933,388,441.0375,441.2425,440.8325,440.0486,53.2123,441.03,441.15,436.12,443.22,168.1,18.8,8.06
106,2021-10-14 08:16:00,441.04,441.07,440.94,440.96,976,441.0,478,441.026,441.2211,440.8309,440.0535,49.5113,440.84,441.02,436.12,443.22,168.06,18.79,8.06
107,2021-10-14 08:17:00,440.97,441.04,440.93,441.02,522,440.98,376,441.021,441.2113,440.8307,440.0563,52.5572,441.02,441.03,436.12,443.22,168.01,18.78,8.07
108,2021-10-14 08:18:00,441.02,441.17,441.02,441.17,661,441.085,428,441.024,441.2215,440.8265,440.0604,59.1863,441.15,441.22,436.12,443.22,167.98,18.78,8.05
109,2021-10-14 08:19:00,441.16,441.23,441.02,441.09,1284,441.116,747,441.018,441.1992,440.8368,440.0677,54.7893,441.03,441.15,436.12,443.22,167.99,18.78,8.05
110,2021-10-14 08:20:00,441.09,441.15,440.99,441.01,1706,441.059,984,441.0105,441.1796,440.8414,440.0765,50.7305,440.84,441.02,436.12,443.22,168.02,18.79,8.06
111,2021-10-14 08:21:00,441.0,441.2,440.99,441.19,507,441.13,319,441.0155,441.199,440.832,440.0795,58.2285,441.15,441.22,436.12,443.22,168.01,18.77,8.05
112,2021-10-14 08:22:00,441.18,441.24,441.15,441.22,479,441.189,325,441.02,441.2183,440.8217,440.0825,59.3392,441.22,441.29,436.12,443.22,168.02,18.77,8.05
113,2021-10-14 08:23:00,441.21,441.26,441.13,441.26,705,441.204,513,441.0325,441.2565,440.8085,440.087,60.8345,441.22,441.29,436.12,443.22,168.0,18.78,8.05
114,2021-10-14 08:24:00,441.26,441.34,441.14,441.17,1471,441.258,937,441.0475,441.2661,440.8289,440.0955,55.8571,441.15,441.22,436.12,443.22,168.01,18.79,8.06
115,2021-10-14 08:25:00,441.16,441.22,441.1,441.17,834,441.156,523,441.065,441.263,440.867,440.1003,55.8571,441.15,441.22,436.12,443.22,167.98,18.78,8.06
116,2021-10-14 08:26:00,441.17,441.28,441.15,441.27,942,441.214,559,441.0775,441.2934,440.8616,440.1061,60.0673,441.22,441.29,436.12,443.22,168.0,18.77,8.05
117,2021-10-14 08:27:00,441.27,441.29,441.22,441.27,478,441.26,345,441.085,441.3161,440.8539,440.1091,60.0673,441.22,441.29,436.12,443.22,167.99,18.79,8.04
118,2021-10-14 08:28:00,441.26,441.26,441.13,441.17,621,441.18,415,441.091,441.3244,440.8576,440.1126,54.0848,441.15,441.22,436.12,443.22,168.02,18.79,8.04
119,2021-10-14 08:29:00,441.18,441.21,441.11,441.14,784,441.146,573,441.097,441.329,440.865,440.1168,52.3987,441.03,441.15,436.12,443.22,168.02,18.79,8.04
120,2021-10-14 08:30:00,441.14,441.29,441.13,441.14,769,441.212,593,441.106,441.3298,440.8822,440.1209,52.3987,441.03,441.15,436.12,443.22,168.01,18.82,8.05
121,2021-10-14 08:31:00,441.14,441.17,441.06,441.1,814,441.095,478,441.1115,441.329,440.894,440.1251,49.9889,441.03,441.15,436.12,443.22,168.03,18.85,8.05
122,2021-10-14 08:32:00,441.11,441.16,441.09,441.11,665,441.117,386,441.1185,441.3261,440.9109,440.1285,50.6006,441.03,441.15,436.12,443.22,168.01,18.85,8.05
123,2021-10-14 08:33:00,441.12,441.2,441.11,441.14,639,441.155,394,441.1265,441.3242,440.9288,440.1318,52.4783,441.03,441.15,436.12,443.22,168.05,18.85,8.05
124,2021-10-14 08:34:00,441.15,441.19,441.08,441.16,507,441.136,319,441.1395,441.308,440.971,440.1345,53.7408,441.15,441.22,436.12,443.22,168.01,18.85,8.05
125,2021-10-14 08:35:00,441.16,441.22,441.02,441.13,1845,441.103,1064,441.1445,441.3054,440.9836,440.1439,51.5295,441.03,441.15,436.12,443.22,168.03,18.85,8.05
126,2021-10-14 08:36:00,441.12,441.17,441.04,441.08,761,441.106,448,441.1505,441.2911,441.0099,440.1475,47.9855,441.03,441.15,436.12,443.22,168.01,18.86,8.05
127,2021-10-14 08:37:00,441.09,441.22,441.07,441.22,802,441.12,479,441.1605,441.2906,441.0304,440.1519,56.9197,441.22,441.29,436.12,443.22,168.03,18.84,8.04
128,2021-10-14 08:38:00,441.21,441.3,441.21,441.26,655,441.26,466,441.165,441.3022,441.0278,440.1555,59.0822,441.22,441.29,436.12,443.22,168.01,18.85,8.05
129,2021-10-14 08:39:00,441.27,441.37,441.27,441.36,766,441.316,472,441.1785,441.3353,441.0217,440.1602,63.9537,441.36,441.49,436.12,443.22,168.02,18.84,8.05
130,2021-10-14 08:40:00,441.37,441.49,441.34,441.36,2127,441.404,1050,441.196,441.3517,441.0403,440.1729,63.9537,441.36,441.49,436.12,443.22,168.01,18.85,8.04
131,2021-10-14 08:41:00,441.36,441.37,441.23,441.29,903,441.297,641,441.201,441.362,441.04,440.1779,58.3171,441.29,441.29,436.12,443.22,168.03,18.85,8.04
132,2021-10-14 08:42:00,441.3,441.33,441.23,441.32,686,441.291,401,441.206,441.375,441.037,440.1818,59.9464,441.29,441.36,436.12,443.22,168.08,18.85,8.04
133,2021-10-14 08:43:00,441.33,441.43,441.33,441.41,791,441.372,374,441.2135,441.4035,441.0235,440.1866,64.4374,441.36,441.49,436.12,443.22,168.11,18.84,8.04
134,2021-10-14 08:44:00,441.41,441.44,441.38,441.44,381,441.407,284,441.227,441.4397,441.0143,440.1889,65.8134,441.36,441.49,436.12,443.22,168.14,18.84,8.03
135,2021-10-14 08:45:00,441.46,441.54,441.41,441.5,792,441.489,478,441.2435,441.4852,441.0018,440.194,68.4433,441.49,441.59,436.12,443.22,168.12,18.81,8.03
136,2021-10-14 08:46:00,441.52,441.6,441.49,441.52,958,441.536,593,441.256,441.5261,440.9859,440.2002,69.2913,441.49,441.59,436.12,443.22,168.16,18.8,8.03
137,2021-10-14 08:47:00,441.54,441.59,441.46,441.58,694,441.522,412,441.2715,441.5763,440.9667,440.2048,71.7444,441.49,441.59,436.12,443.22,168.18,18.78,8.02
138,2021-10-14 08:48:00,441.59,441.6,441.46,441.51,915,441.537,417,441.2885,441.6064,440.9706,440.2106,65.2004,441.49,441.59,436.12,443.22,168.17,18.79,8.02
139,2021-10-14 08:49:00,441.52,441.57,441.48,441.56,367,441.53,187,441.3095,441.6406,440.9784,440.213,67.482,441.49,441.59,436.12,443.22,168.12,18.79,8.02
140,2021-10-14 08:50:00,441.57,441.6,441.53,441.53,1253,441.571,438,441.329,441.6638,440.9942,440.2209,64.7394,441.49,441.59,436.12,443.22,168.1,18.79,8.02
141,2021-10-14 08:51:00,441.54,441.56,441.47,441.47,259,441.526,184,441.3475,441.6704,441.0246,440.2225,59.5285,441.36,441.49,436.12,443.22,168.1,18.79,8.02
142,2021-10-14 08:52:00,441.48,441.48,441.4,441.45,814,441.444,358,441.3645,441.6709,441.0581,440.2273,57.8568,441.36,441.49,436.12,443.22,168.09,18.79,8.03
143,2021-10-14 08:53:00,441.45,441.45,441.39,441.43,422,441.427,253,441.379,441.6685,441.0895,440.2297,56.1584,441.36,441.49,436.12,443.22,168.06,18.79,8.03
144,2021-10-14 08:54:00,441.43,441.44,441.37,441.4,606,441.41,364,441.391,441.6626,441.1194,440.233,53.6159,441.36,441.49,436.12,443.22,168.09,18.78,8.03
145,2021-10-14 08:55:00,441.4,441.43,441.36,441.42,344,441.396,211,441.4055,441.6493,441.1617,440.235,55.0761,441.36,441.49,436.12,443.22,168.06,18.75,8.02
146,2021-10-14 08:56:00,441.43,441.52,441.41,441.52,754,441.465,459,441.4275,441.6249,441.2301,440.2396,61.5874,441.49,441.59,436.12,443.22,168.07,18.73,8.02
147,2021-10-14 08:57:00,441.52,441.57,441.5,441.5,658,441.539,404,441.4415,441.6165,441.2665,440.2435,59.723,441.49,441.59,436.12,443.22,168.08,18.73,8.02
148,2021-10-14 08:58:00,441.5,441.69,441.5,441.65,1148,441.625,709,441.461,441.6376,441.2844,440.251,67.6363,441.65,441.7,436.12,443.22,168.1,18.72,8.02
149,2021-10-14 08:59:00,441.66,441.77,441.62,441.75,1092,441.707,577,441.4805,441.6911,441.2699,440.2587,71.6371,441.7,441.76,436.12,443.22,168.12,18.72,8.01
150,2021-10-14 09:00:00,441.75,441.81,441.69,441.81,981,441.76,576,441.503,441.7502,441.2558,440.2657,73.7351,441.81,441.9,436.12,443.22,168.12,18.71,8.01
151,2021-10-14 09:01:00,441.81,441.88,441.78,441.8,1049,441.832,683,441.5285,441.7875,441.2695,440.2732,72.769,441.8,441.81,436.12,443.22,168.12,18.73,8.01
152,2021-10-14 09:02:00,441.81,441.85,441.75,441.84,627,441.811,351,441.5545,441.8285,441.2805,440.2777,74.2238,441.81,441.9,436.12,443.22,168.17,18.72,8.0
153,2021-10-14 09:03:00,441.84,441.88,441.82,441.87,678,441.851,383,441.5775,441.8754,441.2796,440.2826,75.2901,441.81,441.9,436.12,443.22,168.16,18.73,8.01
154,2021-10-14 09:04:00,441.88,441.88,441.81,441.87,658,441.847,397,441.599,441.9155,441.2825,440.2874,75.2901,441.81,441.9,436.12,443.22,168.13,18.72,8.0
155,2021-10-14 09:05:00,441.88,441.96,441.87,441.93,800,441.909,472,441.6205,441.9644,441.2766,440.2934,77.4535,441.93,441.98,436.12,443.22,168.15,18.73,7.99
156,2021-10-14 09:06:00,441.94,441.96,441.82,441.87,786,441.869,557,441.638,441.9951,441.2809,440.299,70.7799,441.81,441.9,436.12,443.22,168.13,18.73,7.99
157,2021-10-14 09:07:00,441.88,441.9,441.7,441.72,947,441.829,634,441.645,442.0027,441.2873,440.3051,57.4525,441.7,441.76,436.12,443.22,168.13,18.73,8.0
158,2021-10-14 09:08:00,441.73,441.85,441.72,441.84,654,441.804,341,441.6615,442.0232,441.2998,440.3097,63.3912,441.81,441.9,436.12,443.22,168.11,18.72,7.99
159,2021-10-14 09:09:00,441.85,441.86,441.8,441.83,648,441.824,406,441.675,442.0407,441.3093,440.3141,62.607,441.81,441.9,436.12,443.22,168.1,18.73,8.0
160,2021-10-14 09:10:00,441.83,441.92,441.8,441.9,526,441.873,271,441.6935,442.0654,441.3216,440.3178,65.7968,441.9,441.93,436.12,443.22,168.12,18.72,7.99
161,2021-10-14 09:11:00,441.91,441.93,441.84,441.87,799,441.902,477,441.7135,442.0781,441.3489,440.3234,63.3044,441.81,441.9,436.12,443.22,168.09,18.73,7.99
162,2021-10-14 09:12:00,441.89,441.9,441.83,441.88,721,441.872,319,441.735,442.0853,441.3847,440.3284,63.7967,441.81,441.9,436.12,443.22,168.09,18.72,8.0
163,2021-10-14 09:13:00,441.88,442.0,441.88,441.96,862,441.949,539,441.7615,442.0953,441.4277,440.3346,67.5476,441.93,441.98,436.12,443.22,168.08,18.72,7.98
164,2021-10-14 09:14:00,441.97,442.04,441.94,442.02,844,441.996,565,441.7925,442.1005,441.4845,440.3409,70.0536,442.02,442.02,436.12,443.22,168.08,18.72,7.98
165,2021-10-14 09:15:00,442.01,442.03,441.97,442.01,417,442.003,310,441.822,442.0923,441.5517,440.344,69.0959,441.98,442.02,436.12,443.22,168.09,18.71,7.98
166,2021-10-14 09:16:00,442.02,442.04,442.0,442.01,444,442.022,341,441.8465,442.0904,441.6026,440.3472,69.0959,441.98,442.02,436.12,443.22,168.1,18.71,7.98
167,2021-10-14 09:17:00,442.01,442.03,441.96,442.0,960,441.994,600,441.8715,442.0656,441.6774,440.3542,68.0175,441.98,442.02,436.12,443.22,168.08,18.73,7.98
168,2021-10-14 09:18:00,442.0,442.16,441.85,441.87,2091,442.024,1099,441.8825,442.048,441.717,440.368,55.8207,441.81,441.9,436.12,443.22,168.04,18.71,7.99
169,2021-10-14 09:19:00,441.87,441.92,441.86,441.88,435,441.889,288,441.889,442.043,441.735,440.3708,56.4674,441.81,441.9,436.12,443.22,168.07,18.71,7.98
170,2021-10-14 09:20:00,441.88,441.91,441.84,441.88,608,441.874,383,441.8925,442.0423,441.7427,440.3748,56.4674,441.81,441.9,436.12,443.22,168.09,18.71,7.98
171,2021-10-14 09:21:00,441.87,441.89,441.79,441.79,549,441.83,375,441.892,442.0431,441.7409,440.3782,48.9835,441.76,441.8,436.12,443.22,168.08,18.71,7.99
172,2021-10-14 09:22:00,441.79,441.85,441.78,441.8,575,441.804,417,441.89,442.0448,441.7352,440.3817,49.7799,441.8,441.81,436.12,443.22,168.04,18.71,7.99
173,2021-10-14 09:23:00,441.8,441.86,441.78,441.83,653,441.811,387,441.888,442.0448,441.7312,440.3857,52.1912,441.81,441.9,436.12,443.22,168.0,18.71,7.99
174,2021-10-14 09:24:00,441.82,441.91,441.78,441.87,408,441.855,306,441.888,442.0448,441.7312,440.3883,55.2748,441.81,441.9,436.12,443.22,167.99,18.71,7.98
175,2021-10-14 09:25:00,441.86,442.0,441.86,441.99,499,441.932,291,441.891,442.0531,441.7289,440.3918,62.9873,441.98,442.02,436.12,443.22,167.98,18.69,7.98
176,2021-10-14 09:26:00,441.99,442.06,441.98,442.03,663,442.028,486,441.899,442.0716,441.7264,440.3964,65.1449,442.02,442.06,436.12,443.22,167.97,18.67,7.97
177,2021-10-14 09:27:00,442.02,442.04,441.96,441.98,1162,441.994,548,441.912,442.067,441.757,440.4042,60.4048,441.98,442.02,436.12,443.22,167.99,18.66,7.98
178,2021-10-14 09:28:00,441.98,441.99,441.88,441.9,661,441.931,355,441.915,442.0666,441.7634,440.4084,53.6752,441.9,441.93,436.12,443.22,167.99,18.66,7.99
179,2021-10-14 09:29:00,441.9,441.94,441.86,441.89,627,441.906,445,441.918,442.0651,441.7709,440.4123,52.8821,441.81,441.9,436.12,443.22,168.0,18.64,7.99
180,2021-10-14 09:30:00,441.9,441.96,441.9,441.94,767,441.923,324,441.92,442.0671,441.7729,440.4172,56.3546,441.93,441.98,436.12,443.22,168.02,18.64,7.98
181,2021-10-14 09:31:00,441.95,441.98,441.83,441.86,1141,441.927,487,441.9195,442.0673,441.7717,440.4241,50.0047,441.81,441.9,436.12,443.22,168.01,18.65,7.99
182,2021-10-14 09:32:00,441.87,441.89,441.79,441.85,566,441.838,423,441.918,442.068,441.768,440.4275,49.2575,441.81,441.9,436.12,443.22,167.99,18.61,7.99
183,2021-10-14 09:33:00,441.83,441.84,441.76,441.82,618,441.798,447,441.911,442.0655,441.7565,440.4311,46.9892,441.81,441.9,436.12,443.22,168.01,18.64,7.99
184,2021-10-14 09:34:00,441.83,441.89,441.8,441.89,553,441.839,314,441.9045,442.0509,441.7581,440.4345,52.4872,441.81,441.9,436.12,443.22,168.02,18.63,7.99
185,2021-10-14 09:35:00,441.9,441.96,441.87,441.94,624,441.919,249,441.901,442.0403,441.7617,440.4384,55.9977,441.93,441.98,436.12,443.22,167.97,18.64,7.98
186,2021-10-14 09:36:00,441.93,441.96,441.88,441.95,454,441.922,236,441.898,442.0302,441.7658,440.4412,56.6869,441.93,441.98,436.12,443.22,167.95,18.63,7.99
187,2021-10-14 09:37:00,441.94,442.03,441.94,441.98,437,441.992,272,441.897,442.0263,441.7677,440.444,58.7734,441.98,442.02,436.12,443.22,167.95,18.64,7.98
188,2021-10-14 09:38:00,441.98,442.03,441.97,442.03,381,441.993,274,441.905,442.0459,441.7641,440.4465,62.0541,442.02,442.06,436.12,443.22,167.97,18.64,7.98
189,2021-10-14 09:39:00,442.03,442.03,441.96,442.0,1030,441.999,389,441.911,442.0573,441.7647,440.453,59.0193,441.98,442.02,436.12,443.22,167.94,18.66,7.97
190,2021-10-14 09:40:00,442.01,442.01,441.9,441.96,282,441.956,214,441.915,442.062,441.768,440.4548,55.1467,441.93,441.98,436.12,443.22,167.95,18.66,7.98
191,2021-10-14 09:41:00,441.96,441.99,441.9,441.9,293,441.947,208,441.9205,442.0562,441.7848,440.4565,49.8617,441.9,441.93,436.12,443.22,167.93,18.65,7.97
192,2021-10-14 09:42:00,441.91,441.98,441.88,441.9,456,441.929,306,441.9255,442.05,441.801,440.4592,49.8617,441.9,441.93,436.12,443.22,167.94,18.64,7.98
193,2021-10-14 09:43:00,441.9,441.98,441.9,441.95,527,441.937,299,441.9315,442.0483,441.8147,440.4624,54.112,441.93,441.98,436.12,443.22,167.99,18.6,7.97
194,2021-10-14 09:44:00,441.96,442.0,441.95,441.96,442,441.972,288,441.936,442.0499,441.8221,440.4651,54.9348,441.93,441.98,436.12,443.22,167.97,18.61,7.98
195,2021-10-14 09:45:00,441.96,441.97,441.88,441.94,321,441.923,236,441.9335,442.0447,441.8223,440.467,52.892,441.93,441.98,436.12,443.22,168.02,18.59,7.98
196,2021-10-14 09:46:00,441.95,441.96,441.9,441.92,433,441.938,281,441.928,442.0301,441.8259,440.4696,50.8555,441.9,441.93,436.12,443.22,167.98,18.59,7.98
197,2021-10-14 09:47:00,441.92,441.96,441.88,441.9,430,441.91,219,441.924,442.0239,441.8241,440.4721,48.8308,441.9,441.93,436.12,443.22,167.97,18.59,7.98
198,2021-10-14 09:48:00,441.91,442.02,441.9,442.02,472,441.951,232,441.93,442.0375,441.8225,440.475,59.301,442.02,442.02,436.12,443.22,167.99,18.57,7.96
199,2021-10-14 09:49:00,442.0,442.05,441.97,442.02,786,442.017,423,441.9365,442.0492,441.8238,440.4799,59.301,442.02,442.02,436.12,443.22,167.96,18.56,7.97
200,2021-10-14 09:50:00,442.02,442.04,441.96,442.03,786,442.009,472,441.941,442.0608,441.8212,440.4848,60.0902,442.02,442.06,436.12,443.22,167.98,18.59,7.97
201,2021-10-14 09:51:00,442.03,442.04,441.93,441.97,475,441.966,314,441.9465,442.0609,441.8321,440.4877,53.3991,441.93,441.98,436.12,443.22,167.97,18.58,7.97
202,2021-10-14 09:52:00,441.98,441.98,441.9,441.94,434,441.94,336,441.951,442.0566,441.8454,440.4902,50.3785,441.93,441.98,436.12,443.22,167.96,18.62,7.98
203,2021-10-14 09:53:00,441.95,441.97,441.91,441.92,1332,441.937,554,441.956,442.0444,441.8676,440.4978,48.4124,441.9,441.93,436.12,443.22,167.92,18.63,7.98
204,2021-10-14 09:54:00,441.92,442.0,441.92,442.0,469,441.964,230,441.9615,442.0464,441.8766,440.5006,55.8369,441.98,442.02,436.12,443.22,167.94,18.6,7.97
205,2021-10-14 09:55:00,441.99,441.99,441.89,441.9,899,441.934,526,441.9595,442.0482,441.8708,440.5056,46.7748,441.9,441.93,436.12,443.22,167.97,18.61,7.98
206,2021-10-14 09:56:00,441.9,441.96,441.89,441.94,468,441.923,265,441.959,442.048,441.87,440.5082,50.2527,441.93,441.98,436.12,443.22,167.98,18.62,7.98
207,2021-10-14 09:57:00,441.94,441.99,441.86,441.9,1495,441.946,645,441.955,442.047,441.863,440.5164,46.9489,441.9,441.93,436.12,443.22,167.99,18.62,7.98
208,2021-10-14 09:58:00,441.9,442.0,441.89,442.0,376,441.927,239,441.9535,442.0414,441.8656,440.5186,54.927,441.98,442.02,436.12,443.22,167.98,18.62,7.98
209,2021-10-14 09:59:00,442.01,442.12,441.98,442.1,890,442.06,509,441.9585,442.0657,441.8513,440.5241,61.2092,442.06,442.11,436.12,443.22,167.98,18.61,7.97
210,2021-10-14 10:00:00,442.11,442.19,442.1,442.14,796,442.133,511,441.9675,442.1007,441.8343,440.5291,63.4064,442.11,442.15,436.12,443.22,167.97,18.58,7.97
211,2021-10-14 10:01:00,442.14,442.19,442.13,442.19,324,442.155,230,441.982,442.1429,441.8211,440.5312,65.9988,442.15,442.2,436.12,443.22,167.96,18.58,7.97
212,2021-10-14 10:02:00,442.19,442.25,441.97,441.99,1999,442.124,1315,441.9865,442.143,441.83,440.5425,50.567,441.98,442.02,436.12,443.22,167.95,18.57,7.97
213,2021-10-14 10:03:00,441.99,442.03,441.82,441.84,874,441.922,574,441.981,442.1495,441.8125,440.5469,42.5342,441.81,441.9,436.12,443.22,167.94,18.54,7.98
214,2021-10-14 10:04:00,441.84,441.86,441.65,441.66,1015,441.737,695,441.966,442.1851,441.7469,440.5512,35.2897,441.65,441.7,436.12,443.22,167.95,18.58,7.99
215,2021-10-14 10:05:00,441.66,441.67,441.59,441.65,1758,441.622,930,441.9515,442.2104,441.6926,440.5586,34.9337,441.65,441.7,436.12,443.22,167.93,18.57,8.0
216,2021-10-14 10:06:00,441.65,441.77,441.65,441.74,674,441.715,336,441.9425,442.2172,441.6678,440.5616,40.7287,441.7,441.76,436.12,443.22,167.95,18.55,7.99
217,2021-10-14 10:07:00,441.74,441.8,441.7,441.79,465,441.763,330,441.937,442.2191,441.6549,440.5638,43.7272,441.76,441.8,436.12,443.22,167.95,18.57,8.0
218,2021-10-14 10:08:00,441.78,441.78,441.63,441.67,783,441.697,537,441.9195,442.2216,441.6174,440.5671,38.6708,441.65,441.7,436.12,443.22,167.95,18.57,8.0
219,2021-10-14 10:09:00,441.67,441.69,441.61,441.65,832,441.649,390,441.901,442.221,441.581,440.5705,37.8845,441.65,441.7,436.12,443.22,167.98,18.57,7.99
220,2021-10-14 10:10:00,441.65,441.74,441.63,441.65,1146,441.691,559,441.882,442.214,441.55,440.5751,37.8845,441.65,441.7,436.12,443.22,168.01,18.58,8.0
221,2021-10-14 10:11:00,441.64,441.65,441.59,441.64,572,441.622,320,441.8655,442.2109,441.5201,440.5774,37.443,441.64,441.65,436.12,443.22,167.99,18.58,8.0
222,2021-10-14 10:12:00,441.64,441.75,441.64,441.72,667,441.691,411,441.8545,442.2037,441.5053,440.5803,43.1506,441.7,441.76,436.12,443.22,168.0,18.57,7.99
223,2021-10-14 10:13:00,441.71,441.74,441.7,441.71,258,441.719,162,441.844,442.1973,441.4907,440.5813,42.6271,441.7,441.76,436.12,443.22,167.99,18.59,7.98
224,2021-10-14 10:14:00,441.72,441.75,441.7,441.71,287,441.73,192,441.8295,442.1798,441.4792,440.5826,42.6271,441.7,441.76,436.12,443.22,167.99,18.6,7.99
225,2021-10-14 10:15:00,441.72,441.73,441.65,441.69,912,441.693,441,441.819,442.1728,441.4652,440.5863,41.4602,441.65,441.7,436.12,443.22,168.0,18.61,8.0
226,2021-10-14 10:16:00,441.68,441.77,441.66,441.77,577,441.715,266,441.8105,442.1604,441.4606,440.5888,47.6348,441.76,441.8,436.12,443.22,167.98,18.6,8.0
227,2021-10-14 10:17:00,441.76,441.81,441.74,441.77,727,441.781,413,441.804,442.1518,441.4562,440.592,47.6348,441.76,441.8,436.12,443.22,167.99,18.61,7.99
228,2021-10-14 10:18:00,441.78,441.78,441.7,441.72,429,441.722,309,441.79,442.1275,441.4525,440.5938,44.2515,441.7,441.76,436.12,443.22,168.0,18.6,8.0
229,2021-10-14 10:19:00,441.71,441.76,441.7,441.73,645,441.727,286,441.7715,442.0782,441.4648,440.5965,45.0915,441.7,441.76,436.12,443.22,167.97,18.61,8.0
230,2021-10-14 10:20:00,441.72,441.78,441.72,441.75,561,441.743,296,441.752,442.0079,441.4961,440.5989,46.8174,441.7,441.76,436.12,443.22,167.93,18.61,8.0
231,2021-10-14 10:21:00,441.75,441.75,441.66,441.72,664,441.704,352,441.7285,441.8869,441.5701,440.6016,44.5551,441.7,441.76,436.12,443.22,167.93,18.61,8.0
232,2021-10-14 10:22:00,441.72,441.73,441.65,441.66,574,441.695,419,441.712,441.8181,441.6059,440.6039,40.3551,441.65,441.7,436.12,443.22,167.96,18.62,8.0
233,2021-10-14 10:23:00,441.66,441.67,441.6,441.64,549,441.636,360,441.702,441.7949,441.6091,440.6059,39.0342,441.64,441.65,436.12,443.22,167.97,18.64,8.0
234,2021-10-14 10:24:00,441.65,441.7,441.63,441.68,575,441.669,366,441.703,441.7945,441.6115,440.6082,43.0492,441.65,441.7,436.12,443.22,167.95,18.64,7.99
235,2021-10-14 10:25:00,441.68,441.75,441.67,441.72,384,441.71,288,441.7065,441.7949,441.6181,440.6097,46.8207,441.7,441.76,436.12,443.22,167.94,18.62,8.0
236,2021-10-14 10:26:00,441.71,441.76,441.64,441.68,789,441.686,393,441.7035,441.7912,441.6158,440.6128,43.7038,441.65,441.7,436.12,443.22,167.94,18.65,8.0
237,2021-10-14 10:27:00,441.67,441.75,441.64,441.75,871,441.686,375,441.7015,441.7828,441.6202,440.6164,49.9794,441.7,441.76,436.12,443.22,167.94,18.63,8.0
238,2021-10-14 10:28:00,441.74,441.75,441.67,441.68,558,441.721,251,441.702,441.7826,441.6214,440.6185,44.6225,441.65,441.7,436.12,443.22,167.91,18.65,8.0
239,2021-10-14 10:29:00,441.67,441.72,441.6,441.71,701,441.656,464,441.705,441.7821,441.6279,440.6213,47.2328,441.7,441.76,436.12,443.22,167.97,18.65,8.01
240,2021-10-14 10:30:00,441.72,442.0,441.71,441.95,1152,441.912,777,441.72,441.8482,441.5918,440.6268,62.4728,441.93,441.98,436.12,443.22,167.97,18.63,7.99
241,2021-10-14 10:31:00,441.93,442.02,441.93,441.99,441,441.958,278,441.7375,441.9064,441.5686,440.6289,64.3223,441.98,442.02,436.12,443.22,167.94,18.63,7.99
242,2021-10-14 10:32:00,441.99,442.0,441.91,441.98,360,441.945,251,441.7505,441.9493,441.5517,440.6307,63.48,441.98,442.02,436.12,443.22,167.94,18.61,7.99
243,2021-10-14 10:33:00,441.97,442.04,441.97,442.02,986,442.015,384,441.766,441.9957,441.5363,440.6356,65.4301,442.02,442.02,436.12,443.22,167.96,18.61,7.98
244,2021-10-14 10:34:00,442.02,442.04,441.98,442.01,598,442.002,334,441.781,442.0323,441.5297,440.6385,64.5028,441.98,442.02,436.12,443.22,167.99,18.62,7.98
245,2021-10-14 10:35:00,442.02,442.09,441.98,442.06,791,442.046,435,441.7995,442.0746,441.5244,440.6425,67.0196,442.06,442.06,436.12,443.22,168.0,18.61,7.99
246,2021-10-14 10:36:00,442.05,442.08,442.03,442.08,459,442.052,207,441.815,442.1155,441.5145,440.6448,67.997,442.06,442.11,436.12,443.22,168.01,18.61,7.99
247,2021-10-14 10:37:00,442.08,442.14,442.06,442.08,943,442.098,425,441.8305,442.1514,441.5096,440.6496,67.997,442.06,442.11,436.12,443.22,168.0,18.61,7.99
248,2021-10-14 10:38:00,442.08,442.15,442.06,442.13,482,442.117,248,441.851,442.1928,441.5092,440.6521,70.5295,442.11,442.15,436.12,443.22,168.03,18.61,7.98
249,2021-10-14 10:39:00,442.12,442.12,442.03,442.06,284,442.066,201,441.8675,442.2161,441.5189,440.6535,63.0118,442.06,442.06,436.12,443.22,168.02,18.61,7.98
250,2021-10-14 10:40:00,442.05,442.1,442.02,442.1,568,442.052,315,441.885,442.2432,441.5268,440.6564,65.2887,442.06,442.11,436.12,443.22,168.03,18.59,7.99
251,2021-10-14 10:41:00,442.1,442.14,442.07,442.13,372,442.098,219,441.9055,442.2705,441.5405,440.6583,66.9327,442.11,442.15,436.12,443.22,168.02,18.58,7.98
252,2021-10-14 10:42:00,442.13,442.18,442.13,442.14,440,442.155,292,441.9295,442.2899,441.5691,440.6606,67.4855,442.11,442.15,436.12,443.22,168.02,18.59,7.97
253,2021-10-14 10:43:00,442.12,442.2,442.11,442.19,779,442.167,528,441.957,442.3086,441.6054,440.6648,70.1707,442.15,442.2,436.12,443.22,168.01,18.59,7.97
254,2021-10-14 10:44:00,442.19,442.2,442.11,442.18,581,442.159,357,441.982,442.3222,441.6418,440.6679,68.9444,442.15,442.2,436.12,443.22,168.0,18.58,7.98
255,2021-10-14 10:45:00,442.18,442.19,442.12,442.19,615,442.158,418,442.0055,442.3348,441.6762,440.6711,69.5181,442.15,442.2,436.12,443.22,168.0,18.57,7.97
256,2021-10-14 10:46:00,442.18,442.2,442.16,442.17,340,442.178,239,442.03,442.3305,441.7295,440.6729,66.8579,442.15,442.2,436.12,443.22,168.02,18.54,7.98
257,2021-10-14 10:47:00,442.18,442.2,442.15,442.19,610,442.17,331,442.052,442.3309,441.7731,440.6761,68.1696,442.15,442.2,436.12,443.22,168.01,18.53,7.98
258,2021-10-14 10:48:00,442.19,442.27,442.19,442.26,868,442.237,425,442.081,442.3164,441.8456,440.6809,72.3017,442.25,442.27,436.12,443.22,168.02,18.52,7.98
259,2021-10-14 10:49:00,442.25,442.37,442.25,442.36,1526,442.305,743,442.1135,442.3115,441.9155,440.6897,76.9126,442.36,442.53,436.12,443.22,168.03,18.52,7.97
260,2021-10-14 10:50:00,442.37,442.39,442.23,442.24,1545,442.302,779,442.128,442.3183,441.9377,440.6979,63.2958,442.2,442.25,436.12,443.22,168.02,18.52,7.97
261,2021-10-14 10:51:00,442.23,442.27,442.19,442.27,670,442.22,382,442.142,442.3308,441.9532,440.7015,64.9657,442.27,442.28,436.12,443.22,168.03,18.51,7.97
262,2021-10-14 10:52:00,442.27,442.32,442.26,442.28,695,442.293,392,442.157,442.3395,441.9745,440.7052,65.5287,442.28,442.28,436.12,443.22,168.03,18.51,7.98
263,2021-10-14 10:53:00,442.28,442.3,442.24,442.26,507,442.268,279,442.169,442.3454,441.9926,440.7079,63.3365,442.25,442.27,436.12,443.22,168.03,18.51,7.98
264,2021-10-14 10:54:00,442.25,442.28,442.24,442.26,192,442.261,137,442.1815,442.3461,442.0169,440.7089,63.3365,442.25,442.27,436.12,443.22,167.99,18.51,7.98
265,2021-10-14 10:55:00,442.26,442.33,442.26,442.33,547,442.302,279,442.195,442.3618,442.0282,440.7119,67.72,442.29,442.36,436.12,443.22,168.01,18.48,7.98
266,2021-10-14 10:56:00,442.32,442.43,442.31,442.43,589,442.368,358,442.2125,442.3996,442.0254,440.7153,72.735,442.36,442.53,436.12,443.22,168.03,18.49,7.97
267,2021-10-14 10:57:00,442.43,442.43,442.33,442.35,1142,442.378,463,442.226,442.4118,442.0402,440.7216,64.1488,442.29,442.36,436.12,443.22,168.03,18.48,7.97
268,2021-10-14 10:58:00,442.35,442.36,442.28,442.29,475,442.313,286,442.234,442.4164,442.0516,440.7241,58.5648,442.29,442.36,436.12,443.22,168.02,18.47,7.97
269,2021-10-14 10:59:00,442.29,442.32,442.26,442.28,383,442.294,284,442.245,442.4097,442.0803,440.7261,57.6639,442.28,442.28,436.12,443.22,168.03,18.46,7.97
270,2021-10-14 11:00:00,442.27,442.34,442.23,442.3,940,442.289,526,442.255,442.4071,442.1029,440.7311,59.0216,442.29,442.36,436.12,443.22,168.04,18.46,7.97
271,2021-10-14 11:01:00,442.31,442.31,442.17,442.19,617,442.239,426,442.258,442.4023,442.1137,440.7341,49.5997,442.15,442.2,436.12,443.22,168.02,18.48,7.98
272,2021-10-14 11:02:00,442.2,442.27,442.13,442.15,881,442.2,618,442.2585,442.4012,442.1158,440.7383,46.6815,442.15,442.2,436.12,443.22,168.02,18.48,7.99
273,2021-10-14 11:03:00,442.14,442.2,442.11,442.12,578,442.146,471,442.255,442.4074,442.1026,440.7409,44.5637,442.11,442.15,436.12,443.22,168.03,18.47,7.99
274,2021-10-14 11:04:00,442.12,442.25,442.12,442.15,1178,442.181,785,442.2535,442.4094,442.0976,440.7464,47.1459,442.15,442.2,436.12,443.22,168.02,18.5,7.99
275,2021-10-14 11:05:00,442.14,442.21,442.14,442.19,489,442.183,405,442.2535,442.4094,442.0976,440.7488,50.4594,442.15,442.2,436.12,443.22,168.03,18.47,7.98
276,2021-10-14 11:06:00,442.19,442.19,442.12,442.14,464,442.154,328,442.252,442.4116,442.0924,440.7509,46.5324,442.11,442.15,436.12,443.22,168.01,18.49,7.99
277,2021-10-14 11:07:00,442.14,442.15,442.06,442.06,1455,442.116,792,442.2455,442.4241,442.0669,440.7572,41.0304,442.06,442.06,436.12,443.22,167.97,18.47,7.99
278,2021-10-14 11:08:00,442.06,442.13,442.02,442.07,1168,442.071,752,442.236,442.4301,442.0419,440.7622,41.9543,442.06,442.11,436.12,443.22,167.98,18.48,7.99
279,2021-10-14 11:09:00,442.07,442.14,442.06,442.12,1000,442.121,572,442.224,442.4156,442.0324,440.7666,46.4703,442.11,442.15,436.12,443.22,168.0,18.48,7.99
280,2021-10-14 11:10:00,442.12,442.18,442.08,442.17,691,442.134,535,442.2205,442.4133,442.0277,440.7698,50.6086,442.15,442.2,436.12,443.22,168.0,18.47,7.99
281,2021-10-14 11:11:00,442.17,442.27,442.16,442.24,984,442.224,649,442.219,442.4107,442.0273,440.7745,55.7645,442.2,442.25,436.12,443.22,168.0,18.47,7.99
282,2021-10-14 11:12:00,442.23,442.25,442.14,442.24,698,442.187,432,442.217,442.407,442.027,440.7778,55.7645,442.2,442.25,436.12,443.22,168.0,18.46,7.99
283,2021-10-14 11:13:00,442.24,442.25,442.19,442.22,403,442.215,314,442.215,442.4039,442.0261,440.7797,53.9001,442.2,442.25,436.12,443.22,168.03,18.46,7.99
284,2021-10-14 11:14:00,442.22,442.25,442.21,442.23,374,442.234,232,442.2135,442.4015,442.0255,440.7814,54.7154,442.2,442.25,436.12,443.22,168.03,18.47,7.99
285,2021-10-14 11:15:00,442.22,442.31,442.21,442.3,787,442.257,400,442.212,442.3967,442.0273,440.7853,60.0423,442.29,442.36,436.12,443.22,168.03,18.46,7.98
286,2021-10-14 11:16:00,442.3,442.36,442.29,442.36,484,442.312,255,442.2085,442.3786,442.0384,440.7877,63.9561,442.36,442.53,436.12,443.22,168.04,18.46,7.97
287,2021-10-14 11:17:00,442.35,442.36,442.28,442.31,566,442.327,313,442.2065,442.3707,442.0423,440.7905,58.7884,442.29,442.36,436.12,443.22,168.06,18.48,7.98
288,2021-10-14 11:18:00,442.31,442.33,442.25,442.29,338,442.283,240,442.2065,442.3707,442.0423,440.7921,56.8111,442.29,442.36,436.12,443.22,168.09,18.48,7.98
289,2021-10-14 11:19:00,442.29,442.34,442.27,442.33,360,442.313,235,442.209,442.379,442.039,440.7939,59.7286,442.29,442.36,436.12,443.22,168.07,18.49,7.97
290,2021-10-14 11:20:00,442.34,442.36,442.28,442.32,540,442.326,365,442.21,442.3824,442.0376,440.7966,58.6617,442.29,442.36,436.12,443.22,168.09,18.49,7.98
291,2021-10-14 11:21:00,442.31,442.34,442.29,442.31,791,442.309,307,442.216,442.3935,442.0385,440.8004,57.5546,442.29,442.36,436.12,443.22,168.1,18.48,7.98
292,2021-10-14 11:22:00,442.3,442.33,442.25,442.33,568,442.295,330,442.225,442.4064,442.0436,440.8031,59.2125,442.29,442.36,436.12,443.22,168.08,18.49,7.98
293,2021-10-14 11:23:00,442.33,442.37,442.29,442.37,1252,442.324,557,442.2375,442.4226,442.0524,440.8094,62.3778,442.36,442.53,436.12,443.22,168.09,18.48,7.97
294,2021-10-14 11:24:00,442.37,442.47,442.34,442.42,1014,442.39,582,442.251,442.4477,442.0543,440.8145,65.9363,442.36,442.53,436.12,443.22,168.1,18.48,7.97
295,2021-10-14 11:25:00,442.41,442.42,442.34,442.4,6659,442.371,489,442.2615,442.4663,442.0567,440.8473,63.355,442.36,442.53,436.12,443.22,168.09,18.48,7.97
296,2021-10-14 11:26:00,442.4,442.45,442.37,442.38,346,442.412,271,442.2735,442.4765,442.0705,440.8489,60.7919,442.36,442.53,436.12,443.22,168.09,18.46,7.97
297,2021-10-14 11:27:00,442.39,442.45,442.39,442.44,375,442.427,286,442.2925,442.4827,442.1023,440.8508,65.3241,442.36,442.53,436.12,443.22,168.11,18.44,7.97
298,2021-10-14 11:28:00,442.43,442.45,442.4,442.45,502,442.428,336,442.3115,442.4842,442.1388,440.8532,66.0289,442.36,442.53,436.12,443.22,168.09,18.4,7.97
299,2021-10-14 11:29:00,442.44,442.51,442.43,442.5,1271,442.468,752,442.3305,442.4982,442.1628,440.8597,69.3802,442.36,442.53,436.12,443.22,168.09,18.41,7.97
300,2021-10-14 11:30:00,442.5,442.5,442.35,442.36,1191,442.445,695,442.34,442.491,442.189,440.8651,53.4735,442.36,442.53,436.12,443.22,168.08,18.43,7.98
301,2021-10-14 11:31:00,442.36,442.37,442.28,442.32,754,442.322,577,442.344,442.4883,442.1997,440.8685,49.9499,442.29,442.36,436.12,443.22,168.09,18.41,7.98
302,2021-10-14 11:32:00,442.33,442.44,442.32,442.43,429,442.38,318,442.3535,442.4941,442.2129,440.8705,58.1224,442.36,442.53,436.12,443.22,168.11,18.41,7.97
303,2021-10-14 11:33:00,442.44,442.44,442.37,442.39,337,442.407,262,442.362,442.4892,442.2348,440.8721,54.6291,442.36,442.53,436.12,443.22,168.12,18.39,7.98
304,2021-10-14 11:34:00,442.38,442.4,442.34,442.38,376,442.375,286,442.3695,442.4815,442.2575,440.8738,53.7593,442.36,442.53,436.12,443.22,168.11,18.4,7.98
305,2021-10-14 11:35:00,442.39,442.42,442.36,442.41,485,442.397,324,442.375,442.4835,442.2665,440.8761,56.0217,442.36,442.53,436.12,443.22,168.11,18.41,7.98
306,2021-10-14 11:36:00,442.4,442.45,442.34,442.44,742,442.392,527,442.379,442.4909,442.2671,440.8796,58.223,442.36,442.53,436.12,443.22,168.11,18.41,7.97
307,2021-10-14 11:37:00,442.44,442.46,442.4,442.46,516,442.425,295,442.3865,442.499,442.274,440.8821,59.6722,442.36,442.53,436.12,443.22,168.13,18.39,7.97
308,2021-10-14 11:38:00,442.47,442.59,442.46,442.58,1177,442.507,618,442.401,442.533,442.269,440.8881,67.0565,442.53,445.0,436.12,443.22,168.11,18.35,7.96
309,2021-10-14 11:39:00,442.57,442.59,442.52,442.56,1082,442.555,553,442.4125,442.5573,442.2677,440.8936,64.9228,442.53,445.0,436.12,443.22,168.1,18.33,7.97
310,2021-10-14 11:40:00,442.56,442.56,442.43,442.44,513,442.473,395,442.4185,442.5572,442.2798,440.896,53.8509,442.36,442.53,436.12,443.22,168.12,18.34,7.97
311,2021-10-14 11:41:00,442.44,442.45,442.35,442.43,629,442.396,430,442.4245,442.554,442.295,440.8988,53.0392,442.36,442.53,436.12,443.22,168.13,18.36,7.98
312,2021-10-14 11:42:00,442.44,442.47,442.36,442.42,997,442.408,493,442.429,442.5511,442.3069,440.9034,52.1919,442.36,442.53,436.12,443.22,168.12,18.34,7.97
313,2021-10-14 11:43:00,442.41,442.42,442.26,442.28,943,442.341,511,442.4245,442.5608,442.2882,440.9073,42.0616,442.28,442.28,436.12,443.22,168.1,18.35,7.98
314,2021-10-14 11:44:00,442.29,442.4,442.26,442.36,1130,442.325,529,442.4215,442.5607,442.2823,440.9121,48.2436,442.36,442.53,436.12,443.22,168.1,18.36,7.98
315,2021-10-14 11:45:00,442.37,442.42,442.32,442.33,469,442.371,403,442.418,442.5626,442.2734,440.9141,46.2507,442.29,442.36,436.12,443.22,168.12,18.36,7.98
316,2021-10-14 11:46:00,442.33,442.34,442.3,442.33,420,442.326,298,442.4155,442.5643,442.2667,440.9159,46.2507,442.29,442.36,436.12,443.22,168.13,18.34,7.97
317,2021-10-14 11:47:00,442.33,442.35,442.3,442.33,460,442.328,294,442.41,442.5628,442.2572,440.9178,46.2507,442.29,442.36,436.12,443.22,168.13,18.32,7.98
318,2021-10-14 11:48:00,442.33,442.37,442.29,442.37,553,442.331,393,442.406,442.5586,442.2534,440.9202,49.7103,442.36,442.53,436.12,443.22,168.15,18.34,7.98
319,2021-10-14 11:49:00,442.37,442.42,442.34,442.42,408,442.385,319,442.402,442.5486,442.2554,440.922,53.7203,442.36,442.53,436.12,443.22,168.15,18.34,7.97
320,2021-10-14 11:50:00,442.42,442.46,442.37,442.4,746,442.427,536,442.404,442.5494,442.2586,440.9252,51.9363,442.36,442.53,436.12,443.22,168.13,18.34,7.98
321,2021-10-14 11:51:00,442.4,442.44,442.36,442.41,788,442.409,347,442.4085,442.5487,442.2683,440.9287,52.7807,442.36,442.53,436.12,443.22,168.1,18.37,7.98
322,2021-10-14 11:52:00,442.42,442.49,442.4,442.45,955,442.449,543,442.4095,442.5506,442.2684,440.9329,56.1025,442.36,442.53,436.12,443.22,168.14,18.35,7.98
323,2021-10-14 11:53:00,442.45,442.53,442.45,442.49,1256,442.491,623,442.4145,442.5595,442.2695,440.9386,59.194,442.36,442.53,436.12,443.22,168.16,18.35,7.96
324,2021-10-14 11:54:00,442.49,442.5,442.45,442.47,912,442.472,439,442.419,442.565,442.273,440.9427,57.0313,442.36,442.53,436.12,443.22,168.16,18.34,7.97
325,2021-10-14 11:55:00,442.48,442.48,442.42,442.46,665,442.449,362,442.4215,442.5685,442.2745,440.9456,55.931,442.36,442.53,436.12,443.22,168.16,18.35,7.97
326,2021-10-14 11:56:00,442.44,442.52,442.44,442.5,310,442.491,262,442.4245,442.5753,442.2737,440.947,59.3126,442.36,442.53,436.12,443.22,168.18,18.35,7.97
327,2021-10-14 11:57:00,442.5,442.51,442.45,442.46,424,442.471,289,442.4245,442.5753,442.2737,440.9489,54.7853,442.36,442.53,436.12,443.22,168.14,18.35,7.97
328,2021-10-14 11:58:00,442.46,442.53,442.44,442.53,703,442.471,262,442.422,442.5638,442.2802,440.9521,60.4715,442.53,445.0,436.12,443.22,168.17,18.32,7.97
329,2021-10-14 11:59:00,442.53,442.53,442.44,442.49,469,442.479,388,442.4185,442.5495,442.2875,440.9542,56.1277,442.36,442.53,436.12,443.22,168.18,18.37,7.97
330,2021-10-14 12:00:00,442.5,442.5,442.35,442.38,1246,442.421,610,442.4155,442.5472,442.2838,440.9593,46.2821,442.36,442.53,436.12,443.22,168.19,18.38,7.97
331,2021-10-14 12:01:00,442.38,442.44,442.34,442.35,523,442.396,394,442.4115,442.546,442.277,440.9614,44.0144,442.29,442.36,436.12,443.22,168.21,18.41,7.98
332,2021-10-14 12:02:00,442.36,442.38,442.32,442.33,550,442.348,406,442.407,442.546,442.268,440.9636,42.5187,442.29,442.36,436.12,443.22,168.19,18.41,7.98
333,2021-10-14 12:03:00,442.33,442.37,442.28,442.35,427,442.323,332,442.4105,442.5397,442.2813,440.9653,44.548,442.29,442.36,436.12,443.22,168.18,18.39,7.98
334,2021-10-14 12:04:00,442.36,442.44,442.33,442.43,1676,442.387,832,442.414,442.5413,442.2867,440.9723,51.8678,442.36,442.53,436.12,443.22,168.18,18.39,7.98
335,2021-10-14 12:05:00,442.43,442.52,442.4,442.5,1259,442.467,709,442.4225,442.549,442.296,440.9777,57.1925,442.36,442.53,436.12,443.22,168.17,18.39,7.97
336,2021-10-14 12:06:00,442.51,442.52,442.43,442.43,1149,442.481,603,442.4275,442.5466,442.3084,440.9825,51.1041,442.36,442.53,436.12,443.22,168.16,18.39,7.98
337,2021-10-14 12:07:00,442.44,442.45,442.28,442.28,1214,442.371,651,442.425,442.5539,442.2961,440.9869,41.0257,442.28,442.28,436.12,443.22,168.15,18.39,7.98
338,2021-10-14 12:08:00,442.28,442.3,442.21,442.25,1247,442.248,788,442.419,442.5673,442.2707,440.9913,39.3541,442.25,442.25,436.12,443.22,168.16,18.41,7.98
339,2021-10-14 12:09:00,442.25,442.26,442.13,442.15,1623,442.184,967,442.4055,442.5945,442.2165,440.9966,34.3323,442.15,442.2,436.12,443.22,168.15,18.42,7.99
340,2021-10-14 12:10:00,442.14,442.14,441.96,442.08,2475,442.028,1324,442.3895,442.6259,442.1531,441.0041,31.3196,442.06,442.11,436.12,443.22,168.18,18.42,7.99
341,2021-10-14 12:11:00,442.09,442.14,442.05,442.09,961,442.099,628,442.3735,442.6432,442.1038,441.007,32.2345,442.06,442.11,436.12,443.22,168.17,18.41,7.99
342,2021-10-14 12:12:00,442.09,442.1,442.01,442.08,585,442.062,369,442.355,442.6507,442.0593,441.0087,31.7786,442.06,442.11,436.12,443.22,168.18,18.43,8.0
343,2021-10-14 12:13:00,442.09,442.18,442.06,442.11,1531,442.143,813,442.336,442.6431,442.0289,441.0134,34.7595,442.11,442.15,436.12,443.22,168.15,18.42,7.99
344,2021-10-14 12:14:00,442.12,442.19,442.11,442.18,587,442.156,452,442.3215,442.6293,442.0137,441.0152,41.2139,442.15,442.2,436.12,443.22,168.17,18.4,7.99
345,2021-10-14 12:15:00,442.18,442.2,442.11,442.17,1036,442.167,534,442.307,442.6147,441.9993,441.0185,40.596,442.15,442.2,436.12,443.22,168.17,18.41,7.99
346,2021-10-14 12:16:00,442.16,442.18,442.11,442.11,742,442.149,441,442.2875,442.5932,441.9818,441.0208,37.0107,442.11,442.15,436.12,443.22,168.18,18.41,7.99
347,2021-10-14 12:17:00,442.11,442.15,442.03,442.04,1050,442.09,499,442.2665,442.5796,441.9534,441.0237,33.314,442.02,442.06,436.12,443.22,168.17,18.42,7.99
348,2021-10-14 12:18:00,442.04,442.19,442.04,442.17,1134,442.118,712,442.2485,442.5395,441.9575,441.0272,44.4173,442.15,442.2,436.12,443.22,168.18,18.41,7.98
349,2021-10-14 12:19:00,442.16,442.2,442.12,442.16,1254,442.16,602,442.232,442.5031,441.9609,441.0311,43.813,442.15,442.2,436.12,443.22,168.17,18.41,7.98
350,2021-10-14 12:20:00,442.17,442.27,442.13,442.25,1255,442.187,621,442.2255,442.4882,441.9628,441.0352,50.3589,442.25,442.25,436.12,443.22,168.17,18.39,7.98
351,2021-10-14 12:21:00,442.24,442.29,442.07,442.11,2277,442.185,1310,442.2135,442.4743,441.9527,441.0418,42.1354,442.11,442.15,436.12,443.22,168.16,18.41,7.98
352,2021-10-14 12:22:00,442.12,442.12,442.0,442.04,1547,442.063,903,442.199,442.4645,441.9335,441.0459,38.7299,442.02,442.06,436.12,443.22,168.12,18.41,7.98
353,2021-10-14 12:23:00,442.04,442.08,441.98,442.0,1282,442.041,714,442.1815,442.451,441.912,441.0492,36.8949,441.98,442.02,436.12,443.22,168.09,18.42,7.99
354,2021-10-14 12:24:00,442.0,442.02,441.93,441.94,1369,441.974,718,442.157,442.4207,441.8933,441.0524,34.2718,441.93,441.98,436.12,443.22,168.09,18.4,7.99
355,2021-10-14 12:25:00,441.94,442.13,441.94,442.08,1753,442.043,1099,442.136,442.3491,441.9229,441.0572,44.2344,442.06,442.11,436.12,443.22,168.1,18.37,7.99
356,2021-10-14 12:26:00,442.07,442.16,442.05,442.1,1325,442.114,702,442.1195,442.2847,441.9543,441.0609,45.5052,442.06,442.11,436.12,443.22,168.1,18.37,7.99
357,2021-10-14 12:27:00,442.11,442.25,442.1,442.21,1626,442.161,1023,442.116,442.2701,441.9619,441.0658,51.9858,442.2,442.25,436.12,443.22,168.1,18.37,7.98
358,2021-10-14 12:28:00,442.21,442.21,442.1,442.14,1347,442.156,643,442.1105,442.2524,441.9686,441.0696,48.0683,442.11,442.15,436.12,443.22,168.08,18.39,7.98
359,2021-10-14 12:29:00,442.14,442.17,442.07,442.14,1017,442.116,568,442.11,442.2514,441.9686,441.0724,48.0683,442.11,442.15,436.12,443.22,168.1,18.38,7.98
360,2021-10-14 12:30:00,442.14,442.14,442.06,442.14,993,442.107,581,442.113,442.2543,441.9717,441.0752,48.0683,442.11,442.15,436.12,443.22,168.12,18.36,7.99
361,2021-10-14 12:31:00,442.13,442.18,442.08,442.17,1801,442.131,896,442.117,442.26,441.974,441.0803,50.0818,442.15,442.2,436.12,443.22,168.14,18.35,7.99
362,2021-10-14 12:32:00,442.17,442.27,442.14,442.2,1483,442.207,793,442.123,442.2693,441.9767,441.0846,52.0826,442.2,442.25,436.12,443.22,168.17,18.34,7.98
363,2021-10-14 12:33:00,442.2,442.2,442.09,442.1,522,442.157,336,442.1225,442.269,441.976,441.0859,45.5314,442.06,442.11,436.12,443.22,168.17,18.36,7.99
364,2021-10-14 12:34:00,442.1,442.12,441.99,442.11,2296,442.055,1015,442.119,442.2632,441.9748,441.0919,46.2594,442.11,442.15,436.12,443.22,168.13,18.36,7.99
365,2021-10-14 12:35:00,442.12,442.15,442.03,442.05,725,442.101,430,442.113,442.2582,441.9678,441.0937,42.5821,442.02,442.06,436.12,443.22,168.14,18.38,7.99
366,2021-10-14 12:36:00,442.04,442.04,441.75,441.75,2924,441.876,1509,442.095,442.3098,441.8802,441.0986,29.8185,441.7,441.76,436.12,443.22,168.12,18.4,8.0
367,2021-10-14 12:37:00,441.75,441.83,441.64,441.74,3494,441.727,1874,442.08,442.3443,441.8157,441.1042,29.5011,441.7,441.76,436.12,443.22,168.1,18.41,8.01
368,2021-10-14 12:38:00,441.74,442.0,441.72,441.94,2627,441.857,1146,442.0685,442.3361,441.8009,441.1097,42.6505,441.93,441.98,436.12,443.22,168.1,18.37,8.0
369,2021-10-14 12:39:00,441.95,441.96,441.83,441.86,1023,441.903,657,442.0535,442.3323,441.7747,441.1116,39.4785,441.81,441.9,436.12,443.22,168.08,18.38,8.0
370,2021-10-14 12:40:00,441.85,441.9,441.7,441.73,1182,441.798,756,442.0275,442.3245,441.7305,441.1135,34.9321,441.7,441.76,436.12,443.22,168.06,18.41,8.01
371,2021-10-14 12:41:00,441.73,441.81,441.65,441.71,2203,441.714,976,442.0075,442.3322,441.6828,441.1167,34.2781,441.7,441.76,436.12,443.22,168.07,18.42,8.02
372,2021-10-14 12:42:00,441.71,441.82,441.69,441.79,1235,441.752,707,441.995,442.3327,441.6573,441.1188,39.1831,441.76,441.8,436.12,443.22,168.05,18.4,8.01
373,2021-10-14 12:43:00,441.78,441.89,441.75,441.87,1789,441.822,812,441.9885,442.3306,441.6464,441.1221,43.7075,441.81,441.9,436.12,443.22,168.04,18.39,8.0
374,2021-10-14 12:44:00,441.87,442.04,441.86,442.02,1875,441.952,937,441.9925,442.3341,441.6509,441.1262,51.0593,442.02,442.02,436.12,443.22,168.06,18.35,7.99
375,2021-10-14 12:45:00,442.02,442.02,441.83,441.86,1767,441.92,934,441.9815,442.3253,441.6377,441.1293,44.3985,441.81,441.9,436.12,443.22,168.05,18.38,8.0
376,2021-10-14 12:46:00,441.86,442.04,441.84,442.03,3397,441.963,1561,441.978,442.3183,441.6377,441.1367,51.6201,442.02,442.06,436.12,443.22,168.06,18.34,7.99
377,2021-10-14 12:47:00,442.03,442.1,441.94,441.96,1681,442.023,1074,441.9655,442.2887,441.6423,441.14,48.809,441.93,441.98,436.12,443.22,168.06,18.34,7.99
378,2021-10-14 12:48:00,441.96,441.99,441.87,441.99,2013,441.941,933,441.958,442.2715,441.6445,441.1441,50.0641,441.98,442.02,436.12,443.22,168.06,18.32,8.0
379,2021-10-14 12:49:00,441.99,442.09,441.93,442.04,2086,441.997,970,441.953,442.2578,441.6482,441.1486,52.169,442.02,442.06,436.12,443.22,168.04,18.32,7.98
380,2021-10-14 12:50:00,442.04,442.21,441.91,442.15,3856,442.079,2277,441.9535,442.2595,441.6475,441.1577,56.512,442.15,442.2,436.12,443.22,168.05,18.29,7.98
381,2021-10-14 12:51:00,442.16,442.25,442.04,442.25,3286,442.132,1587,441.9575,442.2766,441.6384,441.1661,60.0622,442.25,442.25,436.12,443.22,167.97,18.26,7.99
382,2021-10-14 12:52:00,442.25,442.66,442.23,442.66,4822,442.464,2224,441.9805,442.4125,441.5485,441.1827,70.6439,442.53,445.0,436.12,443.22,168.0,18.16,7.96
383,2021-10-14 12:53:00,442.66,442.66,442.45,442.49,4811,442.531,1997,442.0,442.4839,441.5161,441.1971,63.1703,442.36,442.53,436.12,443.22,168.0,18.17,7.97
384,2021-10-14 12:54:00,442.48,442.5,442.37,442.43,3836,442.447,2100,442.016,442.5334,441.4986,441.2079,60.7283,442.36,442.53,436.12,443.22,167.98,18.14,7.97
385,2021-10-14 12:55:00,442.41,442.42,442.19,442.22,5382,442.294,2612,442.0245,442.5494,441.4996,441.2201,53.0051,442.2,442.25,436.12,443.22,167.98,18.16,7.99
386,2021-10-14 12:56:00,442.23,442.23,442.11,442.18,3091,442.16,1723,442.046,442.5592,441.5328,441.2267,51.6575,442.15,442.2,436.12,443.22,167.97,18.21,7.99
387,2021-10-14 12:57:00,442.18,442.29,442.18,442.19,3377,442.227,1733,442.0685,442.5653,441.5717,441.2339,51.9862,442.15,442.2,436.12,443.22,167.97,18.2,7.98
388,2021-10-14 12:58:00,442.19,442.3,442.13,442.3,8681,442.226,3210,442.0865,442.5894,441.5836,441.2539,55.5648,442.29,442.36,436.12,443.22,167.97,18.19,7.98
389,2021-10-14 12:59:00,442.3,442.61,442.29,442.47,22070,442.451,7675,442.117,442.635,441.599,441.3095,60.4685,442.36,442.53,436.12,443.22,167.98,18.18,7.98
