Date,Open,High,Low,Close,RSI,crossover,1,2,3,4,5,6,7,8,9,10,MACD,n_high,n_low,%K,%D,STCH,count,ratio1,ratio2,ratio3,ratio4,ratio5,ratio6,ratio7,ratio8,ratio9,ratio10
18995.0,472.7825989002226,474.3211706070978,470.35070988052126,474.18218994140625,,,-0.00033492079612296166,-0.019530632059385766,-0.020451728607062902,-0.024324362939327715,-0.025538483004442947,-0.016662760115489728,-0.014004310206679138,-0.027589969418204463,-0.027192234883223754,-0.04442025429009466,0.0,,,,,,0,,,,,,,,,,
18996.0,475.68105717679356,476.43545442201764,472.06792330989066,474.02337646484375,,,-0.019202142460102767,-0.020123547605524816,-0.0239974793981097,-0.0252120062335196,-0.01633330968444968,-0.013673969107175665,-0.027264179962940394,-0.026866312173762896,-0.044100103535756996,-0.054025746037513644,-0.010135105056997417,,,,,,1,,,,,,,,,,
18997.0,473.6362723018177,474.4502240356646,464.82184448213906,464.9211120605469,,,-0.0009394444923983558,-0.004889220445520648,-0.006127525388861521,0.0029249990235999945,0.005636404393045247,-0.008219876747140642,-0.007814219469120642,-0.02538541543932915,-0.035505382999874935,-0.04618047088408017,-0.5968184433808983,,,,,,2,,,,,,,,,,
18998.0,464.4347258408694,467.3430810151398,461.99287071538316,464.4843444824219,,,-0.003953490037563845,-0.005192959393564678,0.003868077359970412,0.006582032339473631,-0.007287278248157114,-0.006881239519289539,-0.024468958174922895,-0.03459844182309291,-0.04528356779003828,-0.06402521171995967,-0.9597441014557953,,,,,,3,,,,,,,,,,
18999.0,464.49429025918397,465.73505924663533,461.2186419569854,462.64801025390625,,,-0.0012443890356562681,0.007852612623309385,0.010577339784499484,-0.003347020623282959,-0.002939370252736606,-0.02059689776748752,-0.030766587181440652,-0.0414941243597482,-0.06031015728839939,-0.0563196031675357,-1.2505272407962917,,,,,,4,,,,,,,,,,
19002.0,459.2830499463294,462.3005782440022,453.2280913684154,462.0722961425781,,,0.009108335972382697,0.011836457978685377,-0.00210525133931061,-0.0016970930610781254,-0.01937662078628588,-0.029558981017668073,-0.04029988405795182,-0.05913936062468028,-0.05514383451493399,-0.0666795234322809,-1.3975494789885292,,,,,,5,,,,,,,,,,
19003.0,461.79439590989494,466.38027344115113,458.63785644580605,466.281005859375,,,0.0027034976414834766,-0.011112372093218026,-0.010707897901813035,-0.028227848034988456,-0.038318301030375146,-0.048962255358563134,-0.06763168449232859,-0.06367222249274429,-0.07510378886290137,-0.07742414865382086,-1.1382419714013783,,,,,,6,,,,,,,,,,
19004.0,468.10739338689524,469.7055195932768,465.47696919425465,467.5415954589844,,,-0.013778619270002235,-0.013375235625329163,-0.03084794832094173,-0.040911195351714946,-0.05152645136031997,-0.07014554382153004,-0.06619675735683972,-0.0775975018411722,-0.07991160545842035,-0.08445495852817975,-0.8233960339452953,,,,,,7,,,,,,,,,,
19005.0,468.70295356246965,469.3878604444034,460.0175709358425,461.0995178222656,,-0.2060448719040785,0.0004090193668022657,-0.017307806730274655,-0.02751164861344746,-0.0382752116592493,-0.05715443373353468,-0.053150478291230874,-0.06471050396811662,-0.06705693820941783,-0.07166376701939181,-0.04860817923572813,-0.9799339709754307,,,,,,8,,,,,,,,,,
19006.0,457.78418616648855,461.65537921600225,456.50370413357655,461.2881164550781,,-0.23783350945773973,-0.017709582534842228,-0.027909252555441633,-0.03866841489547579,-0.05753991815944559,-0.0535375997428863,-0.06509289907855442,-0.06743837397519858,-0.0720433192733626,-0.048997157816065395,-0.03186863488174285,-0.9983324741915167,,,,,,9,,,,,,,,,,
19010.0,456.3448958383107,456.56327239088097,451.94761783523063,453.118896484375,,-0.30914467087507913,-0.010383558506984247,-0.021336696345586548,-0.040548431417449016,-0.0364739557375503,-0.04823758401918132,-0.05062534516898132,-0.055313312409919324,-0.0318516547906087,-0.014414324007597124,-0.0077547515456835026,-1.4602844327956195,,,,,,10,,,,,,,,,,
19011.0,454.74679964041115,456.21585072748525,448.1260430265835,448.4139099121094,,-0.42354397655545406,-0.01106806372585889,-0.030481378083164867,-0.02636415093427924,-0.038251209180687695,-0.040664023933641436,-0.04540117970872681,-0.021693350457310467,-0.004073058340190561,0.002656389739578824,0.012396258595648302,-1.9516232531540947,,,,,,11,,,,,,,,,,
19012.0,450.3991425124106,455.3522826175518,441.2174520038932,443.4508361816406,,-0.583602759815213,-0.01963058694458475,-0.015467280049675902,-0.02748737750066288,-0.029927196323831007,-0.03471737004694175,-0.01074420426898448,0.0070732930438290875,0.013878056681176032,0.023726933533879224,-0.0003357649857060885,-2.4476467716110717,,,,,,12,,,,,,,,,,
19013.0,442.26964621617014,444.7511843291041,434.7158587406615,434.7456359863281,,-0.8079438019377496,0.00424667154999625,-0.00801411228405391,-0.010502785217621158,-0.015388875766062071,0.009064320609416976,0.027238589487597942,0.03417960942021625,0.04422569686597644,0.01968117497540489,0.024475940008753527,-3.1538392821970396,476.43545442201764,434.7158587406615,0.07137472255024208,,,13,,,,,,,,,,
19016.0,428.83953576398926,437.1278785901257,417.65277357075263,436.59185791015625,14.266774970264862,-1.0560945922131366,-0.012208936490798905,-0.0146870855393052,-0.019552514210230743,0.004797276601360423,0.022894691701706105,0.029806360048991287,0.03980996546822002,0.015369235330983555,0.020143724676263686,0.016869839053470503,-3.2741865197890423,476.43545442201764,417.65277357075263,32.21881694597134,,,14,18.83869220065048,31.941063628086606,26.939216325188347,27.33173557773502,44.43634408991113,48.85911560339953,69.0337072260789,68.12488935751762,59.82454409654402,50.50788148291531
19017.0,429.86194454991664,436.4727655471078,423.9955849673793,431.26153564453125,12.862973848684703,-1.336310832533486,-0.0025087785666965123,-0.007434343142711963,0.017216407113204157,0.03553750331350125,0.04253459875464727,0.052661847105822224,0.027919033529022697,0.032752534784155074,0.029438184468854045,0.03790829304413146,-3.471556239995097,474.4502240356646,417.65277357075263,23.960163638305872,18.75011843560915,5.2100452026967226,15,17.26697155077695,41.45352337412058,27.9874033695202,25.190425764810122,58.31196808240566,58.808038465549174,83.82302283110027,68.4441182465598,49.19662377574864,50.50788148291531
19018.0,437.4653881465204,440.7608780011125,425.6929556922482,430.1795959472656,12.592133499212983,-1.6322064056920689,-0.004937952806179036,0.01977479626493106,0.038141971641142414,0.04515666539563168,0.055309384671319295,0.03050434073193875,0.035349998669847116,0.032027312470625846,0.040518724117443616,0.05574780303097482,-3.4278214838480388,469.7055195932768,417.65277357075263,24.06563213993055,26.74820424140259,-2.68257210147204,16,15.745842478293257,42.91077071999024,30.964981885533042,40.195587571201116,68.7967945390992,75.99592877822705,84.96913394377563,47.63087806270422,49.19662377574864,50.507881482915316
19019.0,435.0235678249527,438.3289632687462,426.2786299226372,428.0553894042969,12.0554316238124,-1.9379227258499516,0.024835385030312906,0.04329370672794863,0.05034321059986446,0.06054631231027452,0.035618174402358926,0.04048787871032,0.03714870382309399,0.04568225373665413,0.06098690630226922,0.04192558395992618,-3.293962097706972,469.7055195932768,417.65277357075263,19.984758977063088,22.67018491843317,-2.685425941370081,17,16.826406418944895,47.355830872703905,53.9529761905265,53.662640630276435,77.86191429627038,78.94386281569163,46.66119377878017,47.63087806270422,49.19662377574864,50.50788148291531
19020.0,429.4847473124773,438.7359284587059,424.6606518701391,438.6863098144531,28.48387995234986,-2.1829938295975757,0.018011011297282442,0.024889680764484057,0.0348455252439448,0.010521484259373937,0.015273178413471866,0.012014923540541789,0.020341675366453593,0.035275442085644926,0.01667604298138836,-0.0033715080474102654,-2.28912145993667,469.7055195932768,417.65277357075263,40.40812032202663,28.15283714634009,12.255283175686543,18,53.96104398619504,76.07894925716414,75.60745691671544,77.01145603176847,80.1330908565249,80.6408019331572,67.72052239507119,47.63087806270422,49.19662377574864,60.8541689234429
19023.0,437.98150706084016,446.9547566619125,436.5620746406464,446.5874938964844,37.785994522044234,-2.3353326123869333,0.006756969611198871,0.016536671764689093,-0.007357019673455478,-0.0026893941749427386,-0.005890002848888187,0.00228942913515362,0.016958982365389064,-0.0013113495837268063,-0.021004212240734232,-0.0242048892497283,-0.9600300784586597,469.7055195932768,417.65277357075263,55.58730813780924,38.66006247896632,16.92724565884292,19,66.14781917618254,69.85451204547184,70.08547669869061,64.82910899913266,60.739166438314676,61.830819311651894,56.739153169039206,56.06725902902115,54.769151489904964,49.87235749838936
19024.0,447.35181610508687,450.2800430949568,443.63944490877645,449.6050720214844,40.94524208435892,-2.401602796486041,0.009714064514762644,-0.014019261560319851,-0.009382963387668197,-0.012562090794336567,-0.004437556044703084,0.010133540727440993,-0.008014167707268594,-0.02757485936516957,-0.030754054648247764,-0.015123067736788065,0.1931500005172886,469.7055195932768,417.65277357075263,61.38446266966475,52.45996370983354,8.924498959831212,20,65.78283798162018,59.97360382886428,64.35640754578465,56.92955639584339,49.98391158269332,51.15983925327073,49.25128305267029,47.64250501701216,46.3281404143548,49.45735483448496
19025.0,452.1362205312867,454.7368674908819,449.70430119090776,453.9725646972656,45.27662626458864,-2.3813570524830956,-0.023504997017633977,-0.018913302858278302,-0.022061845122266943,-0.014015473347166574,0.00041544059592735216,-0.01755767582632517,-0.03693018171223772,-0.040078791199623764,-0.024598183906140547,-0.023504997017633977,1.261328842836484,469.3878604444034,417.65277357075263,70.20340221949269,62.39172434232222,7.811677877170467,21,66.0873583284854,56.770585211877,59.27426607060647,53.1820732347444,44.92816886118282,46.791241117290674,46.156429445242445,42.81605122409189,45.757894511816446,48.38412527097577
19026.0,447.61982296530243,449.6248947032239,442.418498876532,443.30194091796875,37.952518593830234,-2.359528953041387,0.004702219822253939,0.001477889688077605,0.009717943913163829,0.024496221220287495,0.006090477855129617,-0.013748339370504903,-0.01697273834619817,-0.001119500750303648,0.0,-0.021361385058279114,1.2576625728160424,461.65537921600225,417.65277357075263,58.290110258470854,63.29265838254276,-5.002548124071907,22,58.83238286448565,47.563553924008815,56.75704940751521,50.6109563660509,39.72036973405587,43.57073447810975,41.99588724208204,39.99762842810553,41.833362879848345,42.13233254745008
19027.0,443.0537923566418,449.43630070407,440.55238271204513,445.3864440917969,39.994579000718936,-2.3240068197897785,-0.003209239584189061,0.004992249436651219,0.019701361266560413,0.0013817606903678836,-0.01836420665620009,-0.021573514759713364,-0.005794473683543355,-0.004680212434571729,-0.0259416216728815,-0.03224875693955154,1.3935126798481052,456.56327239088097,417.65277357075263,71.27554609168274,66.5896861898821,4.68585990180064,23,60.63796639989144,51.72447894015482,58.32799485858617,50.55071880743625,39.23155295718446,41.39608579188041,41.74382638119488,42.299127535733724,42.824126972496856,51.01959742608996
19030.0,446.19047652660686,447.65952766285614,442.55750119211496,443.95709228515625,39.04564013960714,-2.286606383642827,0.00822789430493831,0.02298436317888064,0.004605781330318415,-0.015203759579080711,-0.018423400280981328,-0.002593557446575634,-0.0014757087533285862,-0.02280557062869404,-0.02913301217122899,-0.039551991650023544,1.3822653489193986,456.21585072748525,417.65277357075263,68.21115080493836,65.92560238503064,2.2855484199077125,24,61.46179757824034,48.730918490750575,49.99671109180394,47.75082518377774,36.61538794510763,39.852293510051624,41.81160504908408,41.25703168832124,42.77753412396499,46.05593452824997
19031.0,443.4310225858482,448.5826981689025,441.932163861297,447.60992431640625,42.78197035471218,-2.2265547149769254,0.01463604504229199,-0.0035925538214919284,-0.023240434049062397,-0.02643380007284235,-0.01073314060505548,-0.00962441439388706,-0.030780208630337924,-0.03705601351361487,-0.04738996632095849,-0.06428798464500785,1.6005924345928024,455.3522826175518,417.65277357075263,79.46297313438649,72.9832233436692,6.4797497907172925,25,63.18673759445909,48.44686467335039,46.10262708879933,42.41856401870337,38.72528252075677,39.48041235067023,42.4384749895347,45.8710650720577,40.8329199372794,48.22969335520335
19032.0,451.85828881501146,454.49864886021885,451.64984810655636,454.1611633300781,48.83897790307826,-2.113078765414853,-0.01796565276076334,-0.03733011386341567,-0.040477415833795494,-0.025003237142329326,-0.02391050421943952,-0.044761127790149624,-0.05094640468223488,-0.0611312910341808,-0.07778555677470556,-0.06390700199093491,2.1326887388834326,454.7368674908819,417.65277357075263,98.44757118228723,82.04056504053736,16.407006141749875,26,58.75717881031601,41.9547969878853,36.29640069213729,42.178192647185874,35.25987852999999,34.73945314250165,41.59834471840504,40.90305309854115,40.44822058343142,44.203786354169935
19033.0,448.0069333379729,454.32988721085,443.8975222297545,446.0018615722656,42.76677895236231,-2.012125056379624,-0.019718720793311384,-0.022923600520000975,-0.007166332217758531,-0.006053608486697781,-0.027285680083100505,-0.033584112423551526,-0.04395532436799965,-0.06091426861200133,-0.0467818150753333,-0.025750022802557115,1.8899029686000315,454.7368674908819,417.65277357075263,76.44541096937819,84.78531842868398,-8.339907459305792,27,48.740782743578784,34.54381058512793,36.04938174249254,40.87328291511355,32.39533438729008,34.52262779843627,39.62521011372713,40.887393921051675,41.813314971556814,50.32702227534942
19034.0,446.0911934028426,448.2749286319551,435.6985112163903,437.207275390625,37.37309398905293,-1.9735659131670276,-0.003269347068713957,0.012804884518156978,0.013939991098955051,-0.007719171476897713,-0.01414429911531212,-0.024724131827042806,-0.042024211512055265,-0.027607478441211475,-0.006152623881715447,-0.008695410601177955,1.1293135182547234,454.7368674908819,423.9955849673793,42.97703068551225,72.62333761239255,-29.6463069268803,28,40.10945879147121,37.82812206413311,35.55990754908751,38.02562778339319,35.66729039725591,32.75155284823949,36.31705385029108,39.32683593012979,46.547597278555344,42.57682954751384
19037.0,436.67127093685275,438.3388571218548,432.125076577675,435.77789306640625,36.56590897579137,-1.9869495798862593,0.016126956203863285,0.017265786014564855,-0.004464420147105241,-0.010910622658805602,-0.021525157970443076,-0.03888198314094893,-0.024417962165527385,-0.0028927341649643834,-0.005443861404790251,-0.02059116626060864,0.5515022783492478,454.7368674908819,424.6606518701391,36.96356395516693,52.12866853668579,-15.165104581518854,29,38.08157577905679,41.497265620494936,35.08249233219271,36.7566992408976,32.96522717739406,29.79527003627916,34.05822384024656,44.738812152686435,43.80060372874732,51.3324583878041
19038.0,440.4531707934289,442.9843275353429,439.9072142367914,442.8056640625,43.07568070890986,-1.992526890758042,0.0011207554368561912,-0.020264570509865854,-0.026608465307994766,-0.03705453727452568,-0.05413589218252757,-0.03990142975919264,-0.018717828764117317,-0.021228467050258826,-0.03613536895197311,-0.018403973133847784,0.6570014819290586,454.7368674908819,424.6606518701391,60.33010409676266,46.75689957914728,13.57320451761538,30,38.35535441059385,40.03059610160017,34.16066591433606,32.016616608402494,28.824537258679594,26.820799606235525,38.737678160045476,45.353219172738015,53.69685000624867,51.3324583878041
19039.0,440.6516450858694,444.7511505841454,438.6763505913553,443.30194091796875,43.51649511637066,-1.988199971977064,-0.021361385058279114,-0.027698177861421702,-0.038132555442548344,-0.055194787760914465,-0.04097626082894279,-0.01981637489107546,-0.02232420251577194,-0.03721441612962251,-0.01950287062241951,-0.024384284913560483,0.766933854413038,454.7368674908819,424.6606518701391,61.98016825951085,53.09127877048015,8.888889489030696,31,37.3907332773273,37.46889367651341,28.69861522282932,25.044193742390036,26.035466807481832,38.296315816080465,42.59611343851521,45.77537946014812,42.14111758851226,51.67432360559828
19040.0,439.94691073606924,443.2721777188983,433.19713948404967,433.8323974609375,37.54242922696615,-2.034174767807073,-0.00647511012379165,-0.017137245688254366,-0.03457190650978981,-0.020043022491843643,0.0015787341145288014,-0.0009838335038007129,-0.01619906554810069,0.0018990814458821337,-0.0030888826673381997,-0.011188380269305576,0.2361386469018374,454.7368674908819,432.125076577675,7.550577881318229,43.28695007919725,-35.73637219787902,32,47.308098200307334,34.12942756938408,27.735451688630224,24.740445049250244,39.0883120614396,44.59324960176963,50.062463435138774,51.26755824240007,48.877177136286676,52.28712991818878
19041.0,434.1003676249397,435.4205627301825,428.63107877984993,431.0232849121094,35.96510068818633,-2.1304258848614497,-0.010731624011745877,-0.028279911930036206,-0.01365633866479432,0.008106333641348273,0.005527064974361284,-0.009787329460382743,0.008428768775704532,0.0034082965519619535,-0.004743987990176279,-0.03408331953272248,-0.24391210008098874,454.7368674908819,428.63107877984993,9.1635083649035,26.23141816857753,-17.06790980367403,33,49.229661318580526,41.42945194757682,38.28185283407314,41.58900582293353,51.808906252738765,50.97863600647674,53.92107866199295,55.3712431228364,55.24752407341841,50.53102526365409
19045.0,428.70057953850295,432.28390575547996,422.7150809936738,426.397705078125,33.47134085586768,-2.2871333282183492,-0.01773865246704165,-0.0029564420778402933,0.01904231259214728,0.016435063912626502,0.0009545382974764927,0.019368245516096172,0.014293311003277909,0.006052590143284631,-0.02360501567398121,-0.031007715320422014,-0.7823589224104559,454.7368674908819,422.7150809936738,11.500370489236442,9.40481891181939,2.0955515774170514,34,48.673237907739505,44.63309587715391,52.48028558457264,50.98990954971531,55.567865297951144,57.12882910680028,58.722411967645314,62.10975378088812,57.98999626279095,54.00880374236634
19046.0,429.4648843962841,430.06045955854165,418.23840921274245,418.833984375,29.82910882305584,-2.528649014209205,0.015049162248243153,0.037445192312176134,0.034790859342575864,0.01903077099742112,0.03777701125707056,0.032610428528793145,0.024220888534482343,-0.0059723038289895,-0.013508688789095502,0.012939918766292191,-1.5149031332762455,454.49864886021885,418.23840921274245,1.6425020023247323,7.435460285488225,-5.792958283163493,35,48.20930336776751,53.15664529864659,57.25681619815369,54.786553490653056,58.03233794868504,59.464699731339145,60.519586510441826,60.78943931010987,59.191233769612715,50.850562656048396
19047.0,407.9846952375226,425.59370977076026,407.60752690084337,425.1370849609375,36.07204307949422,-2.781709240418852,0.022063985565317745,0.019449005849733192,0.0039225772477455845,0.022390884948357836,0.01730090219635616,0.009035745880450419,-0.020709800923013444,-0.028134451117702963,-0.002077971747968421,-0.006584144073473519,-1.4423017390605963,454.49864886021885,407.60752690084337,37.383533017787485,16.84213516978289,20.541397848004596,36,57.068723439131176,58.82753642898357,59.05074648299108,56.333958425374234,60.84942810109044,61.49300665052162,59.46695422113435,61.42982752728516,51.61032779380514,50.850562656048396
19048.0,426.4374012047311,434.6066351996629,424.70032460606313,434.5173034667969,44.049735916578086,-2.974226196862267,-0.0025585283822893157,-0.017749777483391016,0.0003198423852683874,-0.004660259471257144,-0.012746990275428915,-0.04185039986970318,-0.04911476912598112,-0.023620788575123286,-0.028029683115138426,-0.04038835355127235,-0.6691947885434164,454.49864886021885,407.60752690084337,57.387785664985834,32.13794022836601,25.24984543661982,37,63.811903934780744,55.02207489835725,60.266776847721246,58.33206501980028,64.18807380622205,58.48779963479389,59.170903553919764,46.44252670766874,49.94541666073105,48.44776644222099
19051.0,428.8395426454739,434.9639917437823,427.51937776112203,433.40557861328125,43.35912093150292,-3.124424814595732,-0.0152302160411113,0.0028857540512021718,-0.0021071222209750884,-0.010214596227501316,-0.03939265872281006,-0.04667566174903892,-0.021116286811970864,-0.02553649056875329,-0.03792686212217378,-0.04495799627005925,-0.16559815404436407,454.49864886021885,407.60752690084337,55.016921401002605,49.92941336125864,5.087508039743966,38,45.558594654549324,50.88614135216453,56.193649382683375,57.46790529815091,52.60112872964995,46.49803682554358,39.98971665810364,39.014914819745016,41.81691075501941,44.166923099571484
19052.0,431.8273487817648,433.94162412051713,423.9558867918208,426.8047180175781,39.408457319685866,-3.2820655028135586,0.018396147391408713,0.01332605247835672,0.0050931902007052,-0.024536133292557882,-0.031931773517169915,-0.005977103346121115,-0.01046566892640588,-0.023047667029160168,-0.030187543031061304,-0.008860939697917902,-0.20725111983166755,454.49864886021885,407.60752690084337,40.93992703643646,51.11487803414164,-10.174950997705182,39,50.45209018235454,54.29591972194818,56.76500511284894,54.58211607508443,47.36765340546653,41.33209454787855,41.83878061322548,42.61814315535226,44.20155533080163,50.147910805966255
19053.0,429.1770252763646,436.47275298849456,428.38294524046694,434.6562805175781,45.7413063047046,-3.3872736643232257,-0.004978509518166252,-0.01306265467006984,-0.042156758736702105,-0.049418805282690936,-0.023932976180203624,-0.028340461019754737,-0.04069517989313487,-0.04770608230099427,-0.026764719366962342,-0.005184016616937459,0.3343197911534279,454.32988721085,407.60752690084337,57.8925239163092,51.28312411791609,6.609399798393113,40,52.49450006724309,60.38336920651087,54.83694739948158,47.2664529268865,42.95933646332408,39.9927507378435,41.08556126276032,40.59788711658816,48.618653061772854,46.518673341159484
19054.0,437.2171979124756,437.8524558588223,430.5964415094728,432.4923400878906,44.36504179945183,-3.465030375819056,-0.008124593518064493,-0.03736426758032385,-0.04466264918861673,-0.01904930380233183,-0.023478841135657902,-0.03589537584527247,-0.042941356736061476,-0.021895215387002565,-0.00020653533691195047,0.012301800696010723,0.5731261057563382,448.2749286319551,407.60752690084337,61.19105752460614,53.341169492450604,7.849888032155533,41,56.488009282078536,59.51391516313657,54.619965450306594,44.00755108503544,41.099993273182086,39.916548408420866,40.744686278577355,43.769350449309464,45.82855822574038,51.50946751049802
19055.0,428.56160392086997,430.1696356655506,424.72018802141935,428.978515625,42.14743793300655,-3.5427380451919372,-0.02947918042042097,-0.03683734411779438,-0.011014196150921696,-0.015480016458975454,-0.02799825678278245,-0.03510195231222424,-0.013883419004994568,0.007982916129795958,0.02059370973469865,0.03177209725592678,0.5221940995013092,444.7511505841454,407.60752690084337,57.53608992588404,58.87322378893313,-1.3371338630490897,42,54.30968228007252,58.301001822704,51.66861497670139,44.87589128663049,41.705299826350846,40.180558577059735,45.45079953263826,43.31805618432156,49.78553948017653,51.632933671591985
19058.0,428.363071784738,429.1075331749042,416.26309023319334,416.33258056640625,35.30732253622117,-3.701134668082101,-0.007581664966817336,0.019025850756605234,0.014424382948847736,0.0015259060988304096,-0.0057935613315734935,0.016069476409771744,0.038599992699224206,0.05159383409910845,0.06311176065535751,0.06280089128104138,-0.2916504830983593,444.7511505841454,407.60752690084337,23.49004432081094,47.405730590433706,-23.915686269622764,43,53.441229915232604,58.61686769237875,51.54367660827356,45.637192486703654,43.04791284412077,49.303481096225845,50.132152948865816,55.55092765227443,57.832695447959026,56.189895775617174
19059.0,416.52119487933925,424.05514078414564,412.0544263774389,413.17608642578125,33.83144110048881,-3.9316604316672024,0.026810786121291175,0.022174165005657054,0.009177149135745744,0.0018017640062888418,0.023831826299136605,0.04653446639969383,0.05962757536512786,0.07123349410892454,0.07092024982136724,0.08345149854264955,-0.9347521298776034,444.7511505841454,407.60752690084337,14.991966245450717,32.0060334973819,-17.01406725193118,44,54.92950661222522,55.529558924323084,50.314470187946306,44.490523962341356,47.92686927429102,52.47621263313677,57.46306250272496,61.526479441738005,61.89124576118126,50.85091497718199
19060.0,422.00043653265294,426.33816006738925,419.6975620210903,424.253662109375,42.85879559289658,-4.1298039179084345,-0.004515555522306758,-0.017173209732394223,-0.024356018122357548,-0.0029011769864704107,0.019208680455049976,0.031959918699140166,0.043262798353956855,0.042957733105528195,0.05516178169038799,0.04157296274535427,-0.5266073893416383,443.2721777188983,407.60752690084337,46.67404510267813,28.385351889646596,18.288693213031532,45,52.803158588232655,53.773908172984854,51.45799248122931,51.44994908897574,54.932033173637016,58.94770996192767,62.34430061702577,64.35029195240595,61.9802397555754,54.60975517068292
19061.0,419.39975837537787,423.2808873959564,417.33513211268047,422.3379211425781,41.79678596969838,-4.310635549974064,-0.01271506981380166,-0.019930459697399483,0.001621701418632826,0.023831850019318424,0.03664092836788102,0.04799507831720251,0.04768862928113671,0.05994803589724218,0.046297577549634594,0.06206983959802792,-0.3089602700985461,437.8524558588223,407.60752690084337,48.70368273041928,36.78989802618271,11.91378470423657,46,49.041295244645944,52.380141019044856,54.299890010569115,53.20268160941992,57.11249065789358,60.49944910613614,62.096941709005435,58.57334487918078,55.5900737136123,53.05522668215358
19062.0,424.9584050542884,425.6035988613878,416.43184431242685,416.9678649902344,38.88788125569738,-4.508965013624935,-0.007308315627016615,0.014521411999807166,0.03701760121693276,0.049991645443604904,0.06149202350283467,0.06118162776327041,0.07359892113145072,0.05977266091999067,0.0757480511707247,0.08100157774132466,-0.44186493324480747,437.8524558588223,407.60752690084337,30.948454540580617,42.10872745789268,-11.16027291731206,47,46.94984160807662,60.40333857112895,61.36962318527358,62.336545137494134,61.62695999477176,63.611348852584214,61.5968972781174,57.896001952994695,55.80464188406653,55.237172165146134
19065.0,417.7818198372349,421.41476475790466,412.71947633429505,413.9205322265625,37.30139112633753,-4.73306232299332,0.021990440708297143,0.04465224957731673,0.05772181027870116,0.06930685550499782,0.06899417459465029,0.08150288557073071,0.0675748347679348,0.08366783776395037,0.08896004142929903,0.09670584283467476,-0.6382837002968289,437.8524558588223,407.60752690084337,20.872938185737407,33.5083584855791,-12.635420299841694,48,57.77138961829299,63.0779781906838,66.35183856514314,63.73819784367597,63.099041734491855,64.56763942903522,61.28606040139496,58.564078235925265,58.46165075663758,49.8952823563593
19066.0,416.67006572423463,423.6878623594226,415.33005945689666,423.0228271484375,44.574919394904825,-4.903806603528199,0.022174188687434038,0.0349625281677195,0.04629829488806925,0.04599234201621005,0.05823189972421683,0.044603542502848814,0.06035026806406063,0.06552859797258792,0.07310773090460176,0.08638295459431422,-0.08739964805836564,437.8524558588223,407.60752690084337,50.96821443691116,34.263202387743064,16.705012049168097,49,57.52442369718865,63.29843346894817,66.69251771050779,63.51126934520065,62.788510707763145,61.16125319871778,57.82652250852597,57.633632356410644,55.52670102646658,50.233973194064
19067.0,426.71534960452595,432.4625696234906,421.66291173642605,432.40301513671875,50.89674912024823,-4.96413395775933,0.01251091997999576,0.0236007780940084,0.023301462306889897,0.03527550532564727,0.021942790244210864,0.037347919561193654,0.042413915128129975,0.049828632713345256,0.0628158748454899,0.056253229766259905,0.9209347691050764,437.8524558588223,412.0544263774389,78.87652339479645,50.23922533914834,28.63729805564811,50,58.56775444407815,66.08036369613937,66.94979815917863,64.94715158778632,63.261262952040234,60.217193472350964,59.34800293930178,57.34407086506658,52.89613057551842,49.87093109537666
19068.0,430.38800237711956,437.81277465820307,429.99096237268003,437.8127746582031,54.14517248924122,-4.903850164859716,0.010952828157380967,0.010657210815175455,0.022483298596030155,0.009315326954104863,0.02453010539549405,0.029533503844803022,0.03685660272591118,0.04968337019662772,0.04320181533165912,0.027145562578761773,1.9076491906450794,437.8524558588223,412.0544263774389,99.8461851489557,76.56364099355444,23.282544155401254,51,59.810838123104574,66.75769424029612,66.75564203238592,65.06547870841948,60.564413803874785,60.90244841958757,56.369043274872844,52.98150412330038,57.06379530242236,49.87093109537666
19069.0,436.11611687494,442.9465967227538,435.3394729507525,442.6080627441406,56.86896302846476,-4.722926719892108,-0.00029241457560824635,0.011405547437524977,-0.0016197602476277773,0.013430178797619652,0.018379369610437735,0.025623128841474996,0.038310929017171924,0.03189959637687245,0.01601729969032739,0.018896835158643377,2.785525367449229,442.9465967227538,412.0544263774389,98.90414310542445,92.54228388305887,6.361859222365581,52,60.14183716908238,66.49758958934667,66.84189339306094,60.80005762758417,60.45751798223043,55.45741376753595,52.504389468085996,55.53651237965214,52.053067090855166,52.11724851597738
19072.0,442.42883451976616,444.5397112731872,438.78457299050746,442.4786376953125,56.77094564863282,-4.459140239225002,0.011701383668272669,-0.0013277339207704575,0.013726607233256694,0.018677245684916466,0.02592312371630312,0.03861463507490792,0.03220142711912577,0.01631448485910192,0.019194862591850326,0.027925863189127043,3.228531658191427,444.5397112731872,412.0544263774389,93.65536246799405,97.46856357412473,-3.813201106130677,53,55.3146851443885,55.82491298576671,55.84451557596677,57.717870600271816,53.57455558539783,52.460007532797015,53.173066781748915,52.151577799475525,50.06603358902856,52.067837259530314
19073.0,443.9422822867515,448.6419821547783,443.9422822867515,447.65625,59.7590251381487,-4.1037878743648735,-0.012878422229493869,0.0020017997382197894,0.006895178883071562,0.014057250763525264,0.026601971531413637,0.020262939027050564,0.0045597458551482895,0.007406809009598669,0.016036826461605536,0.003202920484293159,3.70707105636627,448.6419821547783,412.0544263774389,97.30582671119885,96.62177742820579,0.6840492829930582,54,53.896652727646845,54.29081246123376,56.30563189683942,54.37706001205288,53.602829198258775,53.84830550974016,52.220921884547,51.94765573221966,50.991405766279804,52.671925204272796
19074.0,444.98778306752536,446.5609739030577,441.80153454740395,441.8911437988281,55.18498659141898,-3.7310957588080136,0.015074355887672919,0.020031576208906055,0.027287087628917517,0.039995472340982774,0.03357373803072661,0.01766567409460107,0.020549881287073468,0.02929248974215204,0.01629114698324008,0.006128914386015039,3.476008196228949,448.6419821547783,412.0544263774389,81.54881294330318,90.83666737416536,-9.287854430862183,55,56.78024076438243,56.363233720316664,53.020821864407395,52.92618908582673,53.469178736909505,52.54654790205937,50.857109414328264,50.71670326689816,50.03178418247995,48.599156475680594
19075.0,444.02195052128224,448.5623348762496,442.84703316326824,448.5523681640625,59.082083956105166,-3.305503265402641,0.004883603149345772,0.012031366638717511,0.024551025556661443,0.018224657174868986,0.002552835850790691,0.005394211140928862,0.014006987539395999,0.0011987211463961867,-0.008812597274054146,-0.003818027884298969,3.5973899455742204,448.6419821547783,412.0544263774389,99.75506975305711,92.86990313585305,6.885166617204064,56,56.843407287894664,54.3325012093384,53.10021265816569,53.30570736800853,53.84287640294488,53.204359427746994,51.632874258841575,52.0868138477393,50.541984223799055,54.47703668995011
19076.0,449.21950187964325,451.0316810998012,446.5012330494063,450.742919921875,60.30456581378294,-2.8352958584268144,0.007113026291772018,0.01957184130149714,0.013276218244294036,-0.002319440073706436,0.0005081265033910487,0.009079045932740115,-0.003666973957382691,-0.013629638677032263,-0.008659342242597567,-0.01131013089826205,3.6398070554194986,451.0316810998012,412.0544263774389,99.25915465318674,93.52101244984901,5.7381422033377305,57,56.28647966866335,49.881944984266255,50.60846982289091,51.82442071582337,53.16989791503094,52.347689913651905,50.56489991011406,49.720534719352806,51.2125198971299,50.31546025083835
19079.0,450.1156195139314,453.94906616210943,448.124221814755,453.9490661621094,62.089816836452336,-2.3203303191851403,0.012370821034456192,0.00611966263132846,-0.009365846850585502,-0.006558250778167962,0.0019521340600738846,-0.010703863387456103,-0.020596163913378707,-0.015660971631400677,-0.018293038327454436,-0.03507266519542884,3.6870240947540784,453.94906616210943,412.71947633429505,99.99999999999987,99.67140813541458,0.32859186458529166,58,54.537224099200365,48.19568637457422,48.61778290947721,51.57531907164503,52.24620364785645,50.76395855951892,48.428561884604306,48.97115029918702,46.77648521429435,49.11169302905894
19080.0,458.0413708040677,460.0825716639469,455.2135897363905,459.5647888183594,65.05436604904546,-1.7443576569048742,-0.006174771411072699,-0.021471053326913236,-0.01869776510674437,-0.010291374225638417,-0.02279271976481334,-0.032564139802200964,-0.02768925386175558,-0.030289157613786144,-0.04686374324914522,-0.05039531459519375,3.8801445056181922,460.0825716639469,412.71947633429505,98.90677996869987,99.38864487396216,-0.48186490526229875,59,51.24239989343015,47.167152750334616,48.434823583151136,51.101405429779575,51.75603537468119,48.57527132380421,48.37937951906871,46.75765349045364,46.53693665011413,49.54547626331255
19081.0,458.3600116357162,459.21632846006804,454.50666189192765,456.7270812988281,62.39898430434585,-1.1589994205955634,-0.015391319797303682,-0.01260080075996095,-0.004142179828148129,-0.01672119792866955,-0.02655332912870101,-0.02164815485840499,-0.02426421216631025,-0.040941777958126924,-0.044495291437617435,-0.033551375972510566,3.6062688328201506,460.0825716639469,412.71947633429505,92.91539047065181,97.27405681311718,-4.358666342465369,60,49.06985902159878,46.115233958401475,47.05900788799951,51.76165086692708,49.42465541485145,48.1852398930525,47.261707428350604,46.605863614282505,46.69776140359401,47.62011108820087
19082.0,455.92056661950977,456.7868197678534,449.219502337516,449.69744873046875,56.27141756828243,-0.6321164426011364,0.0028341401954412593,0.011424985575832602,-0.0013506666740863427,-0.011336492919298058,-0.006354641378759074,-0.009011592673730973,-0.025949860766577126,-0.029558922468896243,-0.018443932640801353,-0.030666030750112316,2.7783077976682318,460.0825716639469,412.71947633429505,78.07338633339593,89.96518559091588,-11.89179925751995,61,48.3856418043576,45.66802298152044,49.53483786551732,50.42195338752889,49.14836120120273,46.994493428471834,47.111536932434646,46.32854591146659,46.72845249287663,47.854537688579036
19083.0,451.3602611116737,451.5096098678162,447.2082137593184,450.9719543457031,57.09407980332269,-0.15012272800557186,0.008566566529852437,-0.004172980059007458,-0.014130585055648015,-0.009162812877919646,-0.011812255281679507,-0.028702653617684648,-0.03230151564048711,-0.021217938224655675,-0.033405495089172677,-0.03300806519447297,2.1700782508448455,460.0825716639469,415.33005945689666,79.64222147777325,83.54366609394033,-3.9014446161670833,62,47.75788222218548,46.16996779496257,47.885026937698605,50.165471379885176,48.64691065818638,48.16187648894652,49.03301764811182,48.71570853039952,52.10734993212191,54.2236189327503
19086.0,451.1810377275332,454.944778273236,450.31478456495114,454.8352355957031,59.57657558981197,0.3165074242645788,-0.01263133937970251,-0.022504366433237832,-0.017578789537683104,-0.02020572809750054,-0.03695266270402775,-0.04052095669892486,-0.029531521015005224,-0.041615559162780036,-0.041221504959628064,-0.025744293108157734,1.8917201077591637,460.0825716639469,421.66291173642605,86.34205487986374,81.35255423034431,4.989500649519428,63,48.44243528865651,44.457714389602884,46.79811741362101,49.232702384868205,48.01467754133117,48.52589716907332,49.15973617431736,47.8277141500578,48.942590217797516,48.56119805610386
19087.0,453.26203804372756,455.8607974930953,447.885270255887,449.0900573730469,54.52423368658512,0.7181791870678866,-0.009999332009720474,-0.00501074254764422,-0.007671287351818101,-0.02463246434117705,-0.028246407275779983,-0.017116384496835835,-0.02935501291368592,-0.028955917602209835,-0.01328070684380167,-0.014012370255799489,1.2172099144778663,460.0825716639469,429.99096237268003,63.46983577880543,76.4847040454808,-13.014868266675364,64,48.00674085850047,44.23751817709395,45.9982647048102,49.678167872306076,48.47385220470636,49.81521801506313,48.413893601836676,47.621677823422495,45.2666424609209,51.15570155716816
19088.0,444.96789090038953,446.99909475493166,441.56258733148536,444.5994567871094,50.891386847805556,1.0301912712997001,0.005038975854635641,0.002351558673822307,-0.014780931775694839,-0.018431376721292025,-0.0071889370555305865,-0.01955117964037123,-0.019148053335127146,-0.00331451779799552,-0.00405357125084127,-0.018946524502810314,0.4070481760235589,460.0825716639469,435.3394729507525,37.42451155246342,62.41213407037753,-24.98762251791411,65,44.82608692198593,42.27909225366185,46.06425237777913,49.491423440756115,48.51178507186375,51.39834229695377,48.45503509459102,42.78366721409104,50.15913593133363,48.34393848305513
19089.0,443.67346751760005,448.7515379655548,441.62233022230487,446.83978271484375,52.588582526713104,1.2868027488220497,-0.002673943245363408,-0.019720536323953652,-0.023352678990354203,-0.012166605677922382,-0.024466867540233084,-0.02406576239413538,-0.008311611642252692,-0.009046959694020917,-0.02386524396931955,-0.05064954720125858,-0.017043045579174354,460.0825716639469,438.78457299050746,37.82143969415246,46.23859567514044,-8.417155980987978,66,42.038128029970075,41.59136738470842,46.28752840995046,49.9622701654865,51.98826302237811,53.10493823336449,48.18562941527637,51.22949257615782,55.39694544322645,53.127927430862556
19090.0,446.0432319739418,448.6917946617929,444.02196444720255,445.64495849609375,51.56503720295318,1.4881019086571274,-0.01709229691046177,-0.020734177759559214,-0.00951811332739938,-0.021851353574161347,-0.021449173020087642,-0.005652783619466084,-0.006390103222005172,-0.021248116982839127,-0.04810423194196989,-0.04258553133372056,-0.39610559669742074,460.0825716639469,441.56258733148536,22.043059493591855,32.42967024673592,-10.386610753144062,67,42.48478965955578,40.452660163691064,43.81154116041191,48.518609458867886,49.46360390272214,47.24039538379385,47.94100006555979,50.001864213234605,49.087420602726,44.622292068962786
19093.0,442.19981288051156,443.0859994648741,437.5001433604238,438.0278625488281,45.48688090479213,1.5875513521982945,-0.00370521142285285,0.007705895028856435,-0.004841814392888222,-0.004432640110491715,0.01163844097979716,0.010888299740470675,-0.004228087804495351,-0.03155121781427639,-0.025936549630374173,-0.05414623553041509,-1.1360255375427841,460.0825716639469,437.5001433604238,2.336857583743504,20.733785590495938,-18.396928006752432,68,36.542385340283246,36.51065023712006,41.80833463734402,45.301541920476105,45.27076223906265,46.39208468383762,43.83218115750871,46.273023591023026,41.40676221983928,44.909266588443785
19094.0,441.17425253254356,443.83278194919654,434.7719159375801,436.4048767089844,44.288976504343545,1.5991529317694626,0.01145354425471412,-0.001140829986332248,-0.0007301339884329128,0.015400715308932833,0.014647784301035305,-0.0005248209542371152,-0.0279495654405576,-0.022314016355812538,-0.050628613825832836,-0.047959194733748656,-1.6782167376250232,460.0825716639469,434.7719159375801,6.4516731176710325,10.277196731668797,-3.825523613997764,69,41.063356315222805,41.38953864468763,42.07143289244543,44.56887436960976,44.88105479599682,42.776949142455074,41.765425941603844,39.468222429613576,43.12593580746116,46.72054821816189
19095.0,436.145970511024,442.199806210964,435.9567852966836,441.40325927734375,48.76414542373675,1.584539560945094,-0.01245175748563565,-0.012045712146003251,0.0039024738967397,0.0031580689636863113,-0.011842724045005304,-0.03895691494591158,-0.033385181951592346,-0.06137914927797494,-0.058739958276819104,-0.0349642164334355,-1.6416675765013355,460.0825716639469,434.7719159375801,26.199808536985447,11.66277974613333,14.537028790852117,70,39.56953726736037,38.728059331487444,47.67515711464698,48.02098075990765,48.09325231343189,42.73394120019254,35.478612760091686,41.79782191866391,45.52661238555251,51.480884257696815
19096.0,441.6422177170919,442.8171654668731,435.7974702638393,435.9070129394531,44.528427475201234,1.5095163912290146,0.00041116506733751557,0.016560437939453276,0.01580664698423062,0.0006167125963181253,-0.026839354594760834,-0.02119736896362534,-0.049544305468831484,-0.04687183754520241,-0.022796313110214905,-0.05890952975331987,-1.9102921434067426,460.0825716639469,434.7719159375801,4.484660587795674,12.378714080817387,-7.894053493021713,71,37.09407954250226,42.858901888130355,52.8333227838638,48.51618980799446,46.6046546836867,39.09658057819634,35.515669325577626,43.04381536845659,48.182785182967876,46.65287201245849
19100.0,434.9312283207124,437.8585854788672,433.73637750200163,436.08624267578125,44.69712266651854,1.3938956463912644,0.01614263558426865,0.01538915443417399,0.00020546304975188612,-0.027239319805336337,-0.02159965300817923,-0.04993493903359869,-0.0472635694838105,-0.0231979399949922,-0.05929631424761683,-0.05363383377395459,-1.989562380847957,460.0825716639469,433.73637750200163,8.919182631599178,13.201217252126767,-4.28203462052759,72,44.74375883486982,45.92174033830235,48.144031852780124,47.88438792825638,42.711457892578046,39.27606840288432,35.828227506969554,43.74049576430199,44.47762581262511,46.769778424606876
19101.0,435.97668314990744,443.88253443665394,435.79746464992195,443.1258239746094,51.000140124449175,1.304517914826789,-0.0007415112049319328,-0.015683991574030554,-0.04269278137774535,-0.03714270740224046,-0.06502785367319386,-0.06239892200923303,-0.03871560369734961,-0.07424051229629702,-0.0686679870667003,-0.06439866760759916,-1.503647291349921,459.21632846006804,433.73637750200163,36.85033180817503,16.751391675856627,20.0989401323184,73,43.221527231461856,41.66199167259165,47.945108614566514,45.5349450677446,46.367444775753384,39.449296510748134,37.61673519676047,43.68245272389477,44.31252745015078,49.59253302250058
19102.0,444.9977576178341,445.6449558137314,441.5725510335844,442.7972412109375,50.70962162988288,1.2327613056653717,-0.01495356860777497,-0.04198240059326319,-0.03642820812180647,-0.06433404688488575,-0.06170316439207746,-0.03800227160262393,-0.07355354186682184,-0.06797688148106285,-0.06370439392456573,-0.03519143903545108,-1.155749361074095,456.7868197678534,433.73637750200163,39.308849715040616,28.35945471827161,10.949394996769005,74,44.357892578515404,37.87574422139667,43.14538761111978,41.580132249157444,43.94801121768167,39.19450138434955,34.24448590944724,42.05441668339064,44.19901864975021,47.13204437795659
19103.0,446.61077732737715,448.0744558740918,435.2199798831134,436.17584228515625,45.130541266686315,1.1244874534282259,-0.02743914512464829,-0.021800636832600917,-0.05013010219966818,-0.04745928140486588,-0.02339859549795309,-0.05948955439209491,-0.053828237109947,-0.04949089074703639,-0.020545092883665017,-0.05535769883877051,-1.311553936463197,455.8607974930953,433.73637750200163,11.026118579093348,29.061766700769667,-18.035648121676317,75,38.343854850344904,42.25106573915124,37.53235146247445,41.13554198799985,43.41408505527883,37.33190462387484,33.398647705378934,38.44351162845315,43.70256454728576,45.612125074128954
19104.0,435.0307917754761,436.1957424232133,423.6101246566543,424.2075500488281,37.17016116149388,0.9015477453145615,0.005797589183013319,-0.023331143713292923,-0.020584970266753544,0.004154546840375417,-0.03295465688011301,-0.027133615190260585,-0.022673898000155845,0.0070885561622433535,-0.028706228072175932,-0.03450381725518914,-2.1131388938073417,455.8607974930953,423.6101246566543,1.8524431884061963,17.395803827513387,-15.54336063910719,76,40.618629225703,34.802652906058675,30.711892293906622,30.179406961302995,26.874624720511292,25.435211213092856,26.85760253808696,35.58326056142861,36.47206457812216,40.60497840282348
19107.0,421.8477522832064,426.8461496556583,417.0385097400411,426.66693115234375,39.53051892785214,0.620759928234192,-0.028960829902134444,-0.02623048586862964,-0.001633571565798242,-0.03852887149451589,-0.032741383283711345,-0.02830737266560346,0.001283525624950821,-0.034304931356234136,-0.04006910224445681,-0.0708034791734109,-2.351909397839253,455.8607974930953,417.0385097400411,24.801272592559105,12.559944786686218,12.241327805872887,77,46.72276223211701,36.57105897995409,30.557747842632455,24.55089720422971,25.482510458929745,24.3260701211249,27.46363042205458,42.55834110949408,40.15709079226085,56.015322986409174
19108.0,423.9984332185752,424.2075518578343,414.28043298395477,414.310302734375,32.85260854023815,0.21138559730810497,0.0028117753820680047,0.028142282183716727,-0.009853404360008589,-0.0038933067768994745,0.0006729463204508956,0.031146380556447584,-0.005503487005123708,-0.011439571836430407,-0.04309058847446845,-0.040879647498696214,-3.16556459919341,448.7515379655548,414.28043298395477,0.08665156059307115,8.91345578051946,-8.82680421992639,78,63.74632494609453,46.31126099516149,40.29070874371262,40.517870128806535,39.286040569077,39.57211824351841,48.512047400198306,56.22651470939988,58.523503766174834,58.43230011082883
19109.0,415.4453804939464,421.1009730833674,413.22499149476755,415.4752502441406,33.984859447571395,-0.2705574848088334,0.025259482809720568,-0.012629667952643642,-0.006686281836302488,-0.0021328320170573845,0.028255158016652127,-0.008291947293921131,-0.014211387987609791,-0.04577365861010929,-0.04356891687287767,-0.058762875163623995,-3.426762892414701,448.7515379655548,413.22499149476755,6.3340205365118045,10.407314896554663,-4.073294360042858,79,57.03663624357661,46.23081099061091,35.8798825896438,38.50787093241798,41.359724499845285,41.76743999900161,49.894181159482415,57.10442159244786,52.370860489945315,45.94661049423435
19110.0,420.47369324555655,427.7920861726623,415.803863015228,425.9699401855469,43.26606472993712,-0.7119463917847044,-0.03695566965986907,-0.031158711703378583,-0.02671744595983594,0.0029218702749491676,-0.032724818122817245,-0.0384984206038852,-0.06928308648768966,-0.06713266332731127,-0.0819522856234225,-0.08291064818393623,-2.724786800544348,448.6917946617929,413.22499149476755,35.934867404764326,14.118513167289736,21.81635423747459,80,55.104151730438154,40.934797757532735,32.038088460439006,37.17961923060021,40.92433743352694,39.96156405623855,56.313477023443745,50.883427579878635,42.98799010589007,41.80098690414188
19111.0,421.768082085963,424.03827430158674,409.44132517295606,410.2279357910156,35.25851050372566,-1.2336361149998518,0.006019409256522001,0.01063110323947103,0.04140779264100347,0.0043932053839697005,-0.0016019521588079844,-0.03356794262669416,-0.031334999559972765,-0.04672330706485894,-0.04771844563773786,-0.024951442638485255,-3.12406460911503,448.0744558740918,409.44132517295606,2.036103737345946,14.768330559540695,-12.73222682219475,81,47.48485762464054,36.60611198728118,30.762728201924226,33.759758017439445,37.82183528868694,46.65723948806148,47.20635030095842,35.15456614882389,36.984747032176685,40.85105283842757
19114.0,410.2976277772496,414.1310743837082,403.2779327322578,412.697265625,37.22127740078219,-1.779961850222604,0.0045841004065290125,0.03517664078731286,-0.001616473656064099,-0.0075757598165649975,-0.03935048520830475,-0.037130902716977165,-0.05242713593404669,-0.05341632020198672,-0.03078554112379972,-0.03471817158934409,-3.023331044504191,448.0744558740918,403.2779327322578,21.026928502729696,19.665966548279993,1.360961954449703,82,39.21721148938187,36.47118249731318,42.66237861105867,40.77912804882398,54.700108716698736,52.210720992323935,42.95300537839693,45.71927126436113,49.92218941966007,55.442571373636284
19115.0,413.225008701923,417.1281313593151,411.5820812138742,414.589111328125,38.75328228530092,-2.3148409624415756,0.03045294104137608,-0.006172279712653217,-0.012104372563903065,-0.043734104090493386,-0.04152464995874938,-0.05675108367483106,-0.05773575411460774,-0.03520824340741169,-0.039122928563142256,-0.019357309129839018,-2.6444435630402623,448.0744558740918,403.2779327322578,25.250126131561444,16.10438612387903,9.145740007682413,83,35.08180949725517,34.753885050174546,39.654090806779394,39.543850003776996,47.61682933133265,36.56484968777097,33.66587689617535,40.922984067578504,47.21972169536351,51.095820432766004
19116.0,415.2860852891552,427.81199451114253,411.9305848462734,427.2145690917969,47.892231326260436,-2.7301234863224266,-0.03554283683931825,-0.041299618750440636,-0.07199459788711549,-0.06985043967887061,-0.08462688711245625,-0.08558245761990868,-0.06372070167748811,-0.06751969627473231,-0.04833820952646006,-0.08670125445684673,-1.4200552352645275,448.0744558740918,403.2779327322578,53.43413881419164,33.2370644828276,20.197074331364043,84,31.36079064002185,31.895848209838,46.82443724379224,36.52442771068513,37.418768442061086,31.171460282825443,33.06402262718359,45.03640657055597,52.01334320761841,51.09582043276602
19117.0,422.72394762165095,423.17202427246684,407.6789521205968,412.0301513671875,40.13551409984021,-3.165431802957721,-0.005968934786337754,-0.03779510634597705,-0.03557193014889415,-0.05089292935756906,-0.051883715204729786,-0.029216294838670165,-0.03315529259031136,-0.013266916536976425,-0.05304374271001744,-0.058843435838228375,-1.5014325080350996,448.0744558740918,403.2779327322578,19.537718601996346,32.740661182583146,-13.2029425805868,85,38.69791844708422,46.05058808193193,42.007701498431274,25.824686760519654,35.98312955413825,37.75961535152285,45.79701926961014,40.69180080078189,54.658487000898624,55.46036702255397
19118.0,409.3318122580711,413.01587985179475,403.9849141785273,409.5707702636719,39.032819658329664,-3.621415944315022,-0.03201728061969411,-0.029780754745520333,-0.045193753136452575,-0.04619048843158924,-0.023386955263149045,-0.02734960581753043,-0.00734180450293076,-0.047357481643253374,-0.05319200063483476,-0.052778687434406946,-1.5814682536897449,448.0744558740918,403.2779327322578,14.047602559443728,29.006486658543906,-14.958884099100178,86,43.82902599364199,46.107128041827536,33.71673677782629,33.325374769311566,44.15807865126571,49.801116848111185,46.41268336333316,57.13372186519883,56.38637373604928,53.28900854715606
19121.0,403.3576137772858,404.66197685140884,394.7945975143392,396.4574279785156,33.71406747564356,-4.179971318208303,0.002310501860617542,-0.013612301390249937,-0.014642004994643631,0.008915784531845938,0.004822064184319075,0.025491649409361772,-0.015847598016398456,-0.021875101271122466,-0.021448117201931183,-0.0031393759289520817,-2.3327739770659113,448.0744558740918,394.7945975143392,3.120936345117059,12.23541916885238,-9.11448282373532,87,46.00628082697329,47.79437301774895,48.632508619852146,49.06495103861792,54.381416370704926,54.885253013870305,64.58930826696388,60.10609855793035,56.328401557408256,56.49479034675421
19122.0,402.7502112242886,404.33336872235236,393.1218205258092,397.3734436035156,34.38665096799291,-4.788263350854266,-0.01588609839097721,-0.016913428347594683,0.0065900563338074925,0.0025057727311441624,0.023127710929609524,-0.018116242265553972,-0.024129851065955665,-0.02370385127008534,-0.005437314863460774,-0.013029588131846848,-2.564796319870662,448.0744558740918,393.1218205258092,7.736886594719607,8.301808499760133,-0.5649219050405261,88,39.806265181335796,50.31858708235782,52.70254830245958,57.321668098067605,56.4092156005394,63.23880975656942,68.593503633459,61.923984457060676,57.773567501897375,55.66649616016275
19123.0,396.35785524516746,402.3021786960967,390.27411936743766,391.06072998046875,31.978514942755247,-5.463048462272071,-0.0010439136719212483,0.02283897695991932,0.0186887626442942,0.03964359131275286,-0.0022661440621156714,-0.008376827785381291,-0.007943951270606098,0.01061745343748588,0.002902621591321708,0.011763206635598156,-2.914653828678418,436.1957424232133,390.27411936743766,1.7129416616561721,4.190254867164282,-2.4773132055081097,89,44.3486045820706,61.054918180113546,57.62638757661407,57.35220765760468,62.77208849747159,63.25027106771982,61.20309030362944,59.204074159643774,48.82284223683001,46.6324630862311
19124.0,387.6952694382017,394.09760596691245,383.4934189340363,390.6524963378906,31.8233070399227,-6.168573726492844,0.023907848361611528,0.019753297053074714,0.040730023613181565,-0.0012235076265334488,-0.007340577042194152,-0.006907248169484292,0.011673553291287941,0.0039506594106148984,0.01282050380672417,0.03305806364723862,-2.936574823905362,427.81199451114253,383.4934189340363,16.15367215807475,8.534500138150179,7.619172019924573,90,47.7261628013731,61.924504928127554,51.67877880631365,63.672214012701765,64.76351324859421,65.12808570997517,63.510944729218686,58.16269493201559,47.05856935728029,49.807348332123
19125.0,395.0036958488813,401.445868845207,393.9084209989808,399.9921569824219,39.10517670610054,-6.802726819078549,-0.0040575441580847915,0.01642938402951777,-0.02454454864112865,-0.0305187868750173,-0.030095576062244223,-0.01194862905866001,-0.019491196383473963,-0.010828459389805811,0.008936561332417492,0.0337050370936991,-2.123021542236769,427.81199451114253,383.4934189340363,37.22759098987914,18.364734936536692,18.862856053342448,91,54.972970095891185,66.81295304543652,60.10027074486665,67.03539955225793,68.06214171346264,68.90528077158464,59.285897227562934,54.25015538413219,50.56922432076395,49.807348332123
19128.0,398.2596588484922,402.232487754698,395.88989059345045,398.3691711425781,38.33884929244724,-7.379271500691123,0.020570393467445935,-0.02057047007372048,-0.026569047801625945,-0.026144112796304464,-0.007923233771477856,-0.015496530080487902,-0.006798500447495526,0.013047044449488565,0.037916428836103355,0.03209274323315703,-1.5232286693485637,427.81199451114253,383.4934189340363,33.56550163183998,28.98225492659796,4.5832467052420185,92,60.376642627639676,73.16013078160827,64.26397741118842,69.59091374604002,70.53479039113321,61.00730671340755,51.41235926631039,58.1881452873647,57.1547027752111,48.802363199257584
19129.0,404.7814722008762,406.8127064630349,400.8484493952417,406.56378173828125,44.276526235740334,-7.832849684681644,-0.04031163730057663,-0.04618930900877194,-0.04577293890040757,-0.027919315925004407,-0.03533996653125948,-0.02681725247971778,-0.007371710041868207,0.016996412476481204,0.011290107805854932,0.003110277953882079,-0.4588509978880282,427.81199451114253,383.4934189340363,52.05574074488638,40.94961112220184,11.106129622684541,93,64.18323415329998,73.4729749839327,59.52907854699821,70.3845862139261,58.51220715705306,49.749099878828176,51.45797590358845,45.22391143564166,46.85135631735305,42.35632273668763
19130.0,401.7644790283345,402.06317652364294,388.87016698925527,390.1745300292969,36.67079821974178,-8.310796140689101,-0.006124562865035266,-0.00569070316166953,0.012912859900389817,0.005180505425045334,0.014061215437583874,0.03432356641905554,0.05971527008607347,0.05376927251809693,0.04524584953007138,0.06515091348702984,-0.7269158571842631,427.81199451114253,383.4934189340363,15.075193659229102,33.56547867865182,-18.49028501942272,94,66.48500867506971,75.69622428098495,62.97976715434245,65.58630856930803,56.79620395131116,53.8072188688198,52.066141143407165,45.88615506223038,47.028557849876286,50.41639093055378
19131.0,386.94849816969116,392.4447754954125,385.4449831206161,387.7848815917969,35.70766087475874,-8.808182733243651,0.00043653327887493987,0.0191547371573082,0.01137473356084695,0.020310169210749907,0.04069738296449921,0.06624555803582854,0.060262919421560035,0.0516869725075324,0.07171469752540638,0.054126270418476174,-0.920998714738138,427.81199451114253,383.4934189340363,9.683214322387718,25.60471624216774,-15.921501919780022,95,61.703393197436675,75.57274696961596,55.27097883226878,60.70564346084867,55.4589763462509,52.05838384403204,50.10675151435608,47.16847524270509,57.65036830677075,50.41639093055378
19132.0,391.55858771044626,395.32232829167623,378.90326335199177,387.95416259765625,35.83622407493882,-9.300833583470373,0.018710036324928625,0.01093342747702608,0.01986496421391193,0.04024328215371309,0.06578030946277846,0.059800281329798644,0.05122807646846628,0.07124706253271396,0.053666310009327756,0.0568744954761784,-0.8931329014506595,427.81199451114253,378.90326335199177,18.505692196782885,14.421366726133238,4.084325470649647,96,64.3667435476845,58.65474505543246,47.91834125332148,53.85979518728726,51.02024425608892,45.89151783998552,51.61793958859222,57.76541627058545,56.760788403955665,55.86525289028904
19135.0,391.14036405476344,396.0193127061059,388.70092011540953,395.2127990722656,41.260241811174744,-9.716132108364794,-0.007633780536763002,0.0011337160210473929,0.02113775761596237,0.046205761658792976,0.04033556511635639,0.03192080080102966,0.05157211015346097,0.03431425276863531,0.037463515416939375,0.04741507419152846,-0.27315299858542197,427.81199451114253,378.90326335199177,33.346879654681786,20.511928724617466,12.83495093006432,97,68.05083525398423,60.88434615109798,48.13910810816119,55.9394778585675,47.63150533660138,44.20120199515659,60.964003487651865,58.3723113382315,58.78013089624171,49.95347560211901
19136.0,390.87153482317746,393.4503911765343,385.295615233017,392.1958312988281,39.755944861364064,-10.08423016123184,0.008834940555063175,0.028992863308353822,0.054253703058007474,0.04833835000859432,0.039858855089996315,0.05966133220682179,0.042270718695047726,0.04544420705704311,0.055472318231536644,0.04399705776917551,0.030309687006282005,423.17202427246684,378.90326335199177,30.02697087166113,27.293180907708603,2.7337899639525283,98,68.27765799758674,51.997243809434664,52.4139200575304,52.765997374627005,42.79929300533016,50.73563872361564,57.53703789320201,56.75947420097399,48.829581919311835,49.953475602119006
19137.0,390.6226242642382,397.73192883616974,390.20444775195887,395.6608581542969,42.35539270531127,-10.37692062781051,0.019981388374791687,0.045021004603542636,0.03915745566048323,0.03075222049492421,0.05038127607256904,0.03314296204053746,0.03628865836252415,0.04622894767186936,0.034854182582897186,0.010242332924412345,0.5330741695291881,413.01587985179475,378.90326335199177,49.12433146956608,37.499393998636336,11.624937470929744,99,59.1563333768547,57.0653742945287,47.764834750262004,47.64198510212502,48.308692504499724,45.871817122570825,56.14366521564186,48.191150424545405,48.829581919311835,49.953475602119
19138.0,396.9552866502971,405.28928143068714,396.73623168080803,403.56671142578125,47.881112701474535,-10.541107293571375,0.02454909130121319,0.018800409011625385,0.01055983201545918,0.02980435529928216,0.012903739044412443,0.015987811320475,0.025733370820520296,0.014581436855238383,-0.009548267803099142,-0.03826702724137809,1.416589595726057,406.8127064630349,378.90326335199177,88.36954566116272,55.840282667463306,32.52926299369941,100,62.61361399122877,50.89334385889407,41.76633241757001,49.099602885036575,43.431779874334964,41.99657329620061,47.18902928686503,48.1911504245454,48.829581919311835,49.95347560211901
19139.0,406.15551496459744,413.59338646895515,405.9464267176564,413.4739074707031,53.85115874619197,-10.526398307808181,-0.005610938839725965,-0.013654064411874445,0.005129343281535359,-0.0113663194430349,-0.008356144233035323,0.00115590314740599,-0.009728820737438304,-0.03328035659180317,-0.061310989464460564,-0.09695127500302059,2.616929324528785,413.59338646895515,378.90326335199177,99.6555820864366,79.04981973905514,20.605762347381457,101,62.888058397370614,45.96150248814265,52.37581151037265,39.05144745040794,37.755714891508006,43.0056869973026,37.55933503970646,42.18483133057688,42.50818893958751,45.298116167961545
19143.0,411.77125910700835,414.66874649020866,408.26640999327043,411.1539306640625,52.33924312890693,-10.3969960512492,-0.008088509705409974,0.010800885227688628,-0.005787855908826578,-0.0027606954868411027,0.006805024563762085,-0.004141117454477539,-0.02782554518428837,-0.05601434368127767,-0.09185573306359263,-0.09459230568026045,3.16665047848452,414.66874649020866,378.90326335199177,90.17260353351571,92.73257709370502,-2.559973560189306,102,56.80814910199108,47.557089395100235,48.48163539617645,39.64942025604022,45.34391459909935,44.29118491619025,43.93349285541257,46.88818258759848,47.18012193894501,50.77486564535063
19144.0,413.38432497428226,414.4496997018534,405.17974538965115,407.82830810546875,50.165003798695764,-10.209325756659391,0.019043427884365638,0.0023194144024889507,0.005371259704821663,0.015014983105749558,0.003979581131538401,-0.019897980487166844,-0.04831664361669408,-0.08445030043285862,-0.08720918834114877,-0.0741961181760944,3.208363823535257,414.66874649020866,378.90326335199177,80.87418990453781,90.23412517483006,-9.35993527029224,103,51.6226681931044,41.386077038926025,47.435707252679634,46.86610575646709,45.65592263550304,46.39788757706285,45.96305669699483,48.13462839164816,51.31666089020913,51.13360332068642
19145.0,407.65903603980377,415.64452986799046,405.2892679178831,415.5947570800781,54.87903554296931,-9.918131743536613,-0.016411482596573435,-0.01341666881452619,-0.003953163004033811,-0.014782340320962928,-0.038213688745708074,-0.06610127660693121,-0.10155968380276736,-0.10426701484754708,-0.09149712711855129,-0.12156495762401653,3.6300386152437625,415.64452986799046,378.90326335199177,99.86453164892762,90.30377502899371,9.560756619933912,104,46.75803408271539,42.63563037228521,51.02511862139538,43.23044292441487,45.879252312412575,45.7249375997478,44.99299230097621,49.07180053179514,50.377995294941954,50.54219815765608
19146.0,410.62621630767,412.25917707329523,407.74866231541205,408.77423095703125,50.372606247226834,-9.608295618137522,0.0030447831883533283,0.012666190558454637,0.0016563250249315153,-0.02216598278992743,-0.05051888379251701,-0.08656892562245078,-0.08932142933398957,-0.07633847202709965,-0.10690799370557669,-0.10498275663071266,3.3285807260906726,415.64452986799046,378.90326335199177,81.3008653145705,87.34652895601198,-6.045663641441479,105,52.44598250279762,49.69236317005093,52.60229552483917,49.98822681864167,50.36139641481613,49.98908710079493,50.01531499209892,49.6225188692475,51.17801526769274,52.712075120404066
19149.0,412.99598986027354,414.8181054831775,408.7841725605971,410.01885986328125,51.160743445009935,-9.277550140384974,0.00959220119715698,-0.0013842434422601801,-0.025134237673958948,-0.05340107229371027,-0.08934168275712595,-0.092085831131827,-0.0791422841192786,-0.109619010772805,-0.10769961783329507,-0.08523718287182214,3.096793046186095,415.64452986799046,378.90326335199177,84.68841567489363,88.61793754613059,-3.9295218712369575,106,49.11113136807744,45.66651423605432,53.690485050257394,50.67141898826634,51.87211911362658,53.41246318399099,50.31924020781554,50.2704499731663,50.49434581412777,50.563039298331425
19150.0,406.3447196081183,414.4297896639024,405.85680649349797,413.95184326171875,53.66487756384257,-8.903869910123149,-0.010872156724667126,-0.03439650071577205,-0.06239477030049456,-0.09799390668526242,-0.10071198272769533,-0.08789141319754235,-0.1180785784880305,-0.11617742182573265,-0.09392840392044632,-0.09557108938458936,3.085330282329984,415.64452986799046,378.90326335199177,95.39295520600892,87.12741206515769,8.265543140851236,107,38.56503865332977,40.25254471957037,49.42964428244729,48.500891910535096,51.620696506694365,51.16057413024643,46.934484111380506,48.110944319257385,46.93951136007528,44.289034550176616
19151.0,412.14962939730566,414.031514862704,408.61491053390824,409.4512939453125,50.47555987800961,-8.539100836819875,-0.023782915576623487,-0.05208893261483649,-0.0880793625949362,-0.09082731480446304,-0.07786582593594649,-0.10838479827680014,-0.10646274474729633,-0.08396917320692554,-0.08562991451080348,-0.07666674119953198,2.6673233570699555,415.64452986799046,378.90326335199177,83.14365151244539,87.74167413111599,-4.598022618670598,108,40.685223936917225,42.87581640673931,50.899331858027544,51.85709720012214,52.19622584069021,52.539826019873736,49.226548141083825,47.071378367009984,45.27800353170273,54.875344190803624
19152.0,407.57936321880766,409.9690343792351,399.7133483886719,399.7133483886719,44.33583350695566,-8.261288843287677,-0.02899561735792866,-0.06586285780512724,-0.06867775651297958,-0.05540049567076377,-0.08666298106240233,-0.08469410184468285,-0.0616525346571376,-0.06335373547648093,-0.054172198445128994,-0.024100675784885173,1.6760972792429998,415.64452986799046,378.90326335199177,56.63954188301735,78.3920495338239,-21.752507650806542,109,40.31002475499277,44.450851901758185,51.21976045065934,51.01672591199184,53.135445539137415,54.17130548649124,47.45302119410434,44.29651214311755,55.776639743131874,49.93025738511827
19153.0,393.1815804363486,394.0777033552789,388.0736402962319,388.1234130859375,38.35587561403955,-8.138563148167751,-0.037968150408223655,-0.04086710612683031,-0.027193366770382976,-0.05938939590320136,-0.057361723059581204,-0.03363210082569401,-0.03538410200071895,-0.025928390785112332,0.005041111719521263,0.0012021517801343862,0.255540426861641,415.64452986799046,385.295615233017,9.317624326709291,49.70027257405735,-40.38264824734806,110,40.310024754992774,43.31820897757229,51.9218358075164,52.42040557059362,54.35120691365599,50.701080479866,43.01996650088002,49.93644015378154,49.560235422879316,49.93025738511827
19156.0,378.2162306703627,380.1677919929226,371.6943846879204,373.3870849609375,32.376380693643895,-8.240443204223087,-0.003013367717333737,0.011200027984949568,-0.02226666976157543,-0.02015897151387136,0.004507178826116398,0.002686032077421574,0.012514928303278383,0.044706692554924654,0.04071622182257206,0.01945141979484033,-1.5610225676233553,415.64452986799046,371.6943846879204,3.8514099693684445,23.2695253930317,-19.418115423663256,111,37.6173587365584,42.42618840134063,53.20969180397728,54.24161428753169,49.798849152756524,46.703163655006676,50.575091494176675,49.93644015378154,49.560235422879316,49.93025738511826
19157.0,375.2291259503643,376.3144340743701,368.9960412886886,372.2619323730469,31.96661455447195,-8.503688836702683,0.014256355343241545,-0.019311494678880492,-0.017197425964761148,0.007543277211482069,0.00571662609127066,0.015575229915629984,0.0478642929875599,0.04386176115499563,0.022532686783111044,0.021699946361285916,-2.6583759953817214,415.64452986799046,368.9960412886886,7.001065165929836,6.723366487335862,0.2776986785939739,112,35.605283443706824,43.215591478169294,51.974584827491334,45.13788878898652,44.87627318259388,56.1800136288619,54.14674722560655,54.10547605818151,53.02829212531117,51.82343629355195
19158.0,375.73691806649134,382.24879730696813,370.5194656131574,377.56903076171875,36.076224346684384,-8.828562811870704,-0.033096021380868756,-0.03101166794992183,-0.006618719317255439,-0.008419695086929746,0.0013003365129933275,0.03313554553271203,0.029189273161355,0.00815999958616831,0.007338964137449722,-0.0008449600886892839,-2.8308675131060594,415.64452986799046,368.9960412886886,18.377850460162627,9.74344186515364,8.634408595008987,113,36.42113936898673,48.58202942266898,44.11280499750255,44.25208297626056,55.37746381682697,55.246826853960165,53.01950960172448,51.84128404183126,51.10374228704857,52.316464726065284
19159.0,368.91641162743963,369.34455486458364,362.5140445640615,365.072998046875,31.284350791593003,-9.282735918755048,0.002155698473724099,0.027383589941812447,0.025520968823791845,0.0355737060292014,0.06849859797677982,0.06441724919901115,0.04266816755264191,0.04181902899610046,0.033354978369453336,0.04428427266325552,-3.544333328764016,415.64452986799046,362.5140445640615,4.816356312529762,10.065090646207413,-5.248734333677651,114,31.614288627839997,43.083957235453035,32.81988813877958,43.2344373401446,46.556051259560945,49.531600927094836,46.249562298730304,43.90822189084492,46.12245325704194,42.183149068427554
19160.0,365.510009765625,369.3800048828125,362.1700134277344,365.8599853515625,31.89786588103712,-9.806212684426644,0.025173624723693555,0.023315010218125654,0.03334612336822795,0.0662001918505235,0.062127622304708696,0.04042532426909129,0.03957801226175084,0.031132168327981047,0.04203795303832836,0.04400592234224465,-3.703700738258787,415.64452986799046,362.1700134277344,6.90043065270298,10.031545808465127,-3.1311151557621475,115,38.83735900492994,52.72835786995547,44.52859676126739,40.14282748064189,48.856046942033906,48.29369638708911,42.834106705697536,40.87196818296803,39.328031853670616,41.46700196791819
19164.0,371.8900146484375,376.5299987792969,371.80999755859375,375.07000732421875,38.78594842583169,-10.287892783700276,-0.0018129753446093355,0.007971819063075314,0.040019140306977175,0.03604657463849126,0.01487718682726391,0.014050680968250129,0.005812228739198622,0.016450216731999978,0.018369861616003735,0.021809242317555544,-2.9614358205635405,415.64452986799046,362.1700134277344,24.12362888946696,11.946805284899904,12.176823604567057,116,43.839363098072276,66.16701141528205,53.00102901619481,49.98013149619791,49.793340929584666,50.61343860788236,46.30836467224748,42.28029861602605,47.84123343231165,55.340943621864305
19165.0,370.6199951171875,378.7200012207031,370.17999267578125,374.3900146484375,38.4765189745294,-10.72754053689362,0.0098025662185528,0.041908093992734985,0.03792831307957645,0.01672047598257964,0.015892468967262152,0.007639053499458592,0.018296362931500276,0.020219494405450567,0.0236651219447781,0.038996701340037854,-2.317363899940508,415.64452986799046,362.1700134277344,22.852008833695226,17.958689458621723,4.893319375073503,117,56.135103465159666,66.31366035506477,55.11644345152368,53.59933794171267,52.30959779187726,52.05041762962528,46.60562478730554,52.1667367592898,52.83752140931639,49.85710882287343
19166.0,376.6400146484375,378.8299865722656,372.8900146484375,378.05999755859375,41.20290646504318,-11.091430291232854,0.03179386629448655,0.027852718741196325,0.006850754786584368,0.006030785573772679,-0.0021425106168980745,0.008411343956823636,0.010315806807568828,0.013727986232137335,0.028910735720161007,0.028064370569901964,-1.4857137412844548,414.8181054831775,362.1700134277344,30.181500431441684,25.71904605153463,4.462454379907054,118,47.92299176509131,50.54785124480541,51.34905180135028,52.95095528724194,52.97448447804285,50.736079811320565,53.93565055723043,53.54379493341824,51.558094100436115,52.15982322258493
19167.0,381.3999938964844,390.0899963378906,381.3699951171875,390.0799865722656,49.150855018595905,-11.29127592021582,-0.0038197043828572808,-0.02417451035785012,-0.024969212904160543,-0.03289065579858652,-0.022662009439576636,-0.020816231021078546,-0.017509195055820492,-0.002794289313503895,-0.0036145744284936665,-0.01499686163687286,-0.043825528042109596,414.8181054831775,362.1700134277344,53.01231641051603,35.348608558550985,17.663707851965043,119,47.85521713588241,49.558555819443775,51.603197163816006,54.599604961552,52.02164108496291,54.14117527513199,58.00480369012393,53.38717562629962,52.9203256664049,55.276698145842
19170.0,391.04998779296875,391.3599853515625,387.44000244140625,388.5899963378906,48.27963626977104,-11.374905501775798,-0.02043285343481205,-0.021230603149202998,-0.029182419631899492,-0.018914553057934547,-0.01706169727809337,-0.013741980977933665,0.001029346870104586,0.00020591649450030225,-0.011220014392165023,-0.019969659123384775,0.8428864862016994,414.4297896639024,362.1700134277344,50.55510148141712,44.582972774458284,5.972128706958834,120,48.48224474034189,49.256699439046905,53.03021142636263,53.836555094129935,55.02982820672075,55.41488981919499,54.37073275031696,51.57953626951102,51.129547401455014,49.8065226125186
19171.0,390.2300109863281,393.1600036621094,380.5299987792969,380.6499938964844,43.821947834549725,-11.430109594719715,-0.000814390026440015,-0.008932073955080555,0.0015499707010400154,0.0034414753174802915,0.0068304377911607705,0.021909881706601686,0.021069275344402172,0.009405010238401124,0.00047285611103986547,-0.004781314471040576,0.9215960860061108,414.031514862704,362.1700134277344,35.63333100165349,46.40024963119555,-10.766918629542062,121,47.51819097963847,50.61258906020139,55.30437557879642,57.3589417589433,54.95135561961158,53.96177235919928,55.04417135436871,53.573008531837985,45.35671639334038,49.80652261251859
19172.0,381.2300109863281,382.2699890136719,378.4200134277344,380.3399963378906,43.6524840098169,-11.459678817476133,-0.008124300277758567,0.002366287808671208,0.004259334103133172,0.007651058763549434,0.022742793237027215,0.021901501735419382,0.010227729625841508,0.0012882953123334318,-0.003970157701435939,-0.006389001154699647,0.9745679214034286,409.9690343792351,362.1700134277344,38.01329514383239,41.40057587563433,-3.387280731801944,122,48.30241487793739,48.77224296494786,58.746010462146906,56.39316175808674,52.571807481260095,50.15933816287884,51.5200158598216,45.98428858311106,50.230795002611686,49.80652261251859
19173.0,376.239990234375,380.6600036621094,372.55999755859375,377.25,41.91262305267207,-11.488195886241273,0.010576514869118592,0.012485066812665702,0.015904572564612307,0.031119921098409442,0.03027173870837485,0.01850234853897459,0.009489692703156027,0.004188168514951851,0.0017495126894879753,0.020888018244698436,0.8289966886120474,394.0777033552789,362.1700134277344,47.261292204195954,40.302639449893945,6.958652754302008,123,50.181395607639004,48.79330540051268,56.32554218055279,50.83484875469346,49.23565788377735,48.88845273986887,44.53060177660369,55.06557528244215,50.23079500261167,49.80652261251859
19174.0,376.55999755859375,381.70001220703125,373.79998779296875,381.239990234375,44.96303576937413,-11.477148147078983,0.00188857737683934,0.005272295187053411,0.02032840257716817,0.019489097113845943,0.007842883298037506,-0.0010754476776093647,-0.006321487052362462,-0.008734620337752186,0.010203585007034555,0.0018624016127473109,1.0165523434266994,393.1600036621094,362.1700134277344,61.53592389805806,48.9368370820288,12.599086816029256,124,58.279002731233106,42.74877748848441,47.49141991086575,45.700490971606314,45.0344793720399,40.5917754992973,51.69149509998331,50.06248431963496,50.23079500261167,49.80652261251859
19178.0,375.8800048828125,381.9800109863281,372.8999938964844,381.9599914550781,45.51902678986447,-11.42599377098317,0.0033773394433473936,0.018405065809421695,0.017567342451481283,0.005943081951076401,-0.0029584378157192504,-0.00819458831509745,-0.010603172802314487,0.00829933369633351,-2.612642232202589e-05,0.026992349432509277,1.1920735123261048,393.1600036621094,362.1700134277344,63.85925867570016,57.55215825931807,6.307100416382092,125,57.01087402360332,39.981584024123876,45.50084253461317,48.61171271026398,44.87841561761732,46.590381705811225,55.34945216852897,50.06248431963495,51.896311172789375,52.20192550340902
19179.0,382.1099853515625,385.8699951171875,379.6000061035156,383.25,46.56066849835418,-11.33084605038073,0.014977143468688947,0.014142239863625283,0.0025571062917890686,-0.006314451213918826,-0.011532976980389797,-0.013933454241071397,0.004905426961024029,-0.0033920098968526213,0.02353552254056579,0.030058679748654615,1.3845101480160915,393.1600036621094,362.1700134277344,68.02192066805846,64.47236774727223,3.549552920786226,126,53.183038388169656,38.01170173567828,56.33010480987936,59.314786798665786,55.996118723611424,54.26790987808043,56.02487734991093,55.23931070118453,52.26571267977569,52.41637115617579
19180.0,385.1199951171875,389.8299865722656,383.2699890136719,388.989990234375,51.04571987959376,-11.154835306516226,-0.0008225836516971841,-0.012236765386119286,-0.020977412959117037,-0.026118933435762104,-0.028483988921128023,-0.009923096862304304,-0.018098095591359553,0.008432090443562856,0.014858991039369052,0.025193497407586696,1.8582930809215226,393.1600036621094,362.1700134277344,86.54399889707331,72.80839274694398,13.735606150129328,127,44.2996167853636,50.122014894723286,49.76407215568281,53.70804646463456,51.4920115549939,54.35654423245138,52.16188323350374,52.45962493455281,51.47088955744357,47.99062116220634
19181.0,387.2699890136719,390.6400146484375,385.6600036621094,388.6700134277344,50.78981705225915,-10.921811028952636,-0.0114235785834087,-0.020171421989379823,-0.02531717527855626,-0.027684177821517553,-0.009108005306872169,-0.017289734192351247,0.009262293106146346,0.015694484717616808,0.02603749908035824,0.016517824088196464,2.092613572910815,393.1600036621094,362.1700134277344,85.51148225469728,80.02580060660968,5.485681648087606,128,54.55427610753264,53.54906655564683,52.669589868537656,54.01902680854449,57.53412884544332,54.875791274857164,50.19427625678304,48.76676789866819,49.15528049617206,48.85874552300321
19184.0,385.8500061035156,386.8699951171875,383.5,384.2300109863281,47.250105097574426,-10.682903929789408,-0.008848929851508869,-0.014054145328732948,-0.016448499970096342,0.002342331079693727,-0.005933942467024056,0.020924909032235428,0.027431428378765554,0.03789396232016817,0.02826428191718966,0.02951356222482615,1.8968602782014,393.1600036621094,370.17999267578125,61.14017229541745,77.73188448239601,-16.59171218697856,129,55.686512716048334,54.653456531999964,53.2726914759125,60.10781332556524,58.34887068272495,56.565103189569086,49.64297483239802,50.21827060545664,49.847603993606086,50.228182561297196
19185.0,383.6499938964844,386.1600036621094,378.989990234375,380.8299865722656,44.68203022160531,-10.46652057718109,-0.005251687289652196,-0.007667418567634643,0.011291175753385563,0.0029410121950916857,0.030039657707561895,0.03660426681962714,0.04716020955783695,0.03744455601822483,0.03870498981612114,0.026416060790588336,1.5038524169360574,393.1600036621094,370.17999267578125,46.344598802935955,64.3320844510169,-17.98748564808094,130,55.259691352333796,54.16447916183081,56.346612961642826,60.10781332556525,58.34887068272495,56.74913434061334,49.15809227783329,51.29416260536325,50.912721079411774,49.61583888952834
19186.0,375.1000061035156,381.9200134277344,374.6600036621094,378.8299865722656,43.19483041588843,-10.28134143848918,-0.0024284849213771498,0.016630199651170186,0.0082359521298625,0.035477662586888226,0.042076928982403894,0.05268860090316174,0.0429216544148181,0.04418874256343952,0.03183493520482261,0.05862794065912591,1.0937300398485963,393.1600036621094,372.55999755859375,30.436830854151204,45.973867317501536,-15.537036463350333,131,61.41268359068898,60.305461980445685,57.3929017983669,60.83281936917536,59.95997550617803,56.48023735100451,52.00658094662135,55.40649593499383,49.799394348456055,49.615838889528334
19187.0,373.6099853515625,379.04998779296875,371.0400085449219,377.9100036621094,42.494181684478015,-10.124321098312489,0.019105080973613298,0.010690398522855915,0.03799842611311721,0.04461375774174292,0.05525126268285119,0.04546053957106122,0.046730712315039113,0.03434683088710622,0.06120506114861435,0.07451510515526683,0.7608112440665096,393.1600036621094,371.0400085449219,31.057850966022283,35.94642687436981,-4.88857590834753,132,56.80571078214398,53.00298513292713,51.94870546760178,53.99887616709885,52.01228473404241,58.47022040633249,55.55289066127106,49.09988918059604,49.79939434845605,49.615838889528334
19188.0,382.54998779296875,385.25,380.5400085449219,385.1300048828125,49.4272759954839,-9.928144240935294,-0.008256933075751594,0.01853915311800214,0.025030467656740107,0.03546855214842548,0.02586137493522167,0.027107735852943904,0.014956014053949529,0.04131073523328954,0.05437125691564293,0.06974264536915387,1.0114750387845848,393.1600036621094,371.0400085449219,63.69800835508562,41.73089672508637,21.967111629999252,133,57.48130577959096,53.907314389459785,51.267398031402045,50.45359697827265,54.47532516606795,61.07467596350005,57.47229620504763,49.09988918059603,49.79939434845605,49.61583888952834
19191.0,388.3800048828125,389.0899963378906,380.6600036621094,381.95001220703125,46.7536283471976,-9.728493819030302,0.027019181769385003,0.03356454090042482,0.044089529518754667,0.03440236604505453,0.035659103761999544,0.023406210644550063,0.04998035273669044,0.06314961211236603,0.078648977791002,0.0754548393390786,0.9487682146278669,393.1600036621094,371.0400085449219,49.32190809405817,48.025922471722026,1.295985622336147,134,59.413411895856996,51.221915073430694,48.45807288152766,54.561834819012034,53.707960537862256,52.547609245575565,53.28771929827937,50.83199385433759,50.4118519697658,41.83843219611384
19192.0,386.0799865722656,392.8699951171875,385.3900146484375,392.2699890136719,55.219369489346136,-9.443845655146308,0.006373161521445958,0.016621255038255622,0.00718894486756283,0.008412619886737804,-0.003517919810037462,0.022357100407557118,0.03517989827681123,0.050271501193061674,0.04716139525870089,0.04025290995272024,1.5523080321992824,392.8699951171875,371.0400085449219,97.25145912697026,70.09045852537135,27.161000601598914,135,53.45053010381332,45.95325578669362,51.205184938086425,50.517045073671994,46.571896737004295,50.16496893511122,48.049848919073455,45.16439691563509,44.04409601341134,50.23866260178873
19193.0,392.4700012207031,396.260009765625,391.0299987792969,394.7699890136719,57.002819396752315,-9.08050994348835,0.010183194374258298,0.0008106171520745331,0.0020265428801862218,-0.00982844307625419,0.01588271577308986,0.028624309408067816,0.043620340197914054,0.04052992994724813,0.033665194707750645,0.0498518725866921,2.0392091080110313,396.260009765625,371.0400085449219,94.09190848599181,80.22175856900675,13.870149916985056,136,49.64935033368786,51.666692261808876,49.093601781569085,45.97768736446318,45.90180786951555,47.16135141946685,46.17792514134413,46.22695716512749,49.36243926707074,51.11493514385978
19194.0,394.1600036621094,398.8399963378906,391.6300048828125,398.7900085449219,59.77690007319286,-8.633041552830854,-0.009278096561475047,-0.008074428024042124,-0.019809909293638905,0.005642067132548334,0.018255218594517064,0.03310008126235742,0.030040824022802726,0.02324528903694345,0.03926879642558889,0.03856667557677795,2.5198354465907262,398.8399963378906,371.0400085449219,99.82018771612053,97.05451844302753,2.765669273092996,137,50.71455465033908,52.75456083568915,47.68109932851967,47.55914156525481,48.71772638977582,51.64213922201275,50.012064389379404,52.0056477514479,53.818249356735656,54.9072113749096
19195.0,398.9200134277344,400.17999267578125,392.75,395.0899963378906,56.18395099727326,-8.16116252910552,0.0012149408761987779,-0.010630443008891599,0.015059890815212196,0.027791164261566692,0.042775048857554676,0.039687141717380525,0.032827966642847706,0.049001533950719045,0.04829283775012638,0.04652105862759792,2.472916069741001,400.17999267578125,371.0400085449219,82.53260429026695,92.14823349745977,-9.615629207192825,138,53.1949793870702,53.35501655727549,47.87129127671672,46.678069525006585,49.477047928874924,50.30527145024782,49.3213928251606,52.25403103988715,52.53511817442226,48.537733737055035
19198.0,395.75,396.4700012207031,393.2099914550781,395.57000732421875,56.54883248212828,-7.6750255545922945,-0.01183100990754693,0.0138281495548771,0.026543974026306705,0.04150967617900836,0.03842551611096967,0.031574664416197606,0.04772860564056369,0.047020769419130026,0.04525114029136468,0.04403767370532319,2.3589238889455695,400.17999267578125,371.0400085449219,84.17986320493392,88.84421840377381,-4.6643551988398855,139,52.42106839406348,50.93292268436972,44.74459473978602,45.515517676125086,47.62377236458064,49.74666443321898,48.98732985716791,51.224054703796085,46.981947838466034,47.311829382669266
19199.0,393.8399963378906,394.05999755859375,389.95001220703125,390.8900146484375,52.00191926854585,-7.223451777305558,0.025966367817333857,0.0388344345133349,0.05397931590786387,0.05085823024441849,0.04392535564153199,0.06027270248840555,0.05955639158558368,0.05776557529251258,0.056537580285375144,0.0523420673037136,1.8741915888229763,400.17999267578125,371.0400085449219,68.11948151507185,78.27731633675758,-10.157834821685725,140,53.03595045334695,48.392062422666996,46.09679635538619,45.718759450909275,47.1990599435102,48.67258053285706,47.98903865021655,47.657604454933846,47.83632840375014,51.37799498113937
19200.0,394.3599853515625,402.8800048828125,394.04998779296875,401.0400085449219,59.59081233355988,-6.722789147149435,0.012542386475471679,0.02730396333568441,0.024261869792125967,0.017504460562780766,0.03343806946036221,0.03273988779935344,0.030994395598784585,0.029797480138729293,0.025708152151704633,0.04725209776004302,2.1246404682387228,402.8800048828125,371.0400085449219,94.22111636457392,82.17348702819322,12.047629336380695,141,50.42628782473144,50.663208846018634,46.00042163013468,45.67741963392209,48.89139086050472,49.5471463631386,45.39648873913676,49.82262688746153,53.456753007895784,57.42717954266403
19201.0,401.8900146484375,406.79998779296875,398.1499938964844,406.07000732421875,62.735227067243805,-6.155699801905492,0.014578724858715253,0.011574313799789016,0.004900608758297453,0.020636847665830294,0.019947314397559923,0.01822344365013895,0.017041354410179732,0.013002681025592544,0.03427976127043064,,2.4911691115222645,406.79998779296875,371.0400085449219,97.95866640837083,86.76642142933888,11.192244979031955,142,52.06928068889154,50.60894978008512,45.65648989411394,47.76227724810996,49.75427537052986,46.206432169182605,46.49189533953584,53.51208990612433,57.289025065675304,49.51265980363072
19202.0,407.5799865722656,413.0299987792969,406.7699890136719,411.989990234375,66.08060408020992,-5.504728842079141,-0.002961239956361772,-0.009539048930644056,0.005971072188566406,0.005291446989086346,0.00359234695359012,0.0024272434372278884,-0.0015533972815584551,0.019417947497823773,,,2.962359094568009,413.0299987792969,371.0400085449219,97.52319888831393,96.56766055375289,0.9555383345610409,143,47.48093334481691,47.643605300587836,44.303810973105065,44.828163924166695,42.58556852475595,41.27368886855809,43.54236995235425,46.671423991762204,45.61200484224726,46.19111910525813
19205.0,409.1499938964844,413.4100036621094,408.3999938964844,410.7699890136719,64.78974930912833,-4.816618654193151,-0.006597345296781021,0.00895884142411596,0.00827719771404567,0.006573051292073195,0.005404487377555833,0.0014120240167410092,0.022445654422909245,,,,3.012039297707049,413.4100036621094,371.0400085449219,93.76914101326726,96.41700210331733,-2.647861090050071,144,46.63240558919375,48.84889055679495,45.951023736483926,44.484095850751096,44.27797541714818,44.34127276485322,45.98112486991789,46.91406827985958,46.92185410339887,48.907929340286216
19206.0,409.1199951171875,413.0,406.82000732421875,408.05999755859375,61.89728938613555,-4.137752667501026,0.015659497835290637,0.014973327220743515,0.013257863290881744,0.012081538757234611,0.008062560811169517,0.02923587890790058,,,,,2.6929682757594726,413.4100036621094,371.0400085449219,87.37312551318803,92.88848847158972,-5.515362958401695,145,46.704939407634846,48.156267365052884,45.82374002224168,45.0348471540723,46.18898545426842,46.321016783138646,46.126708225312676,47.0946120835206,49.633275828289655,49.252916827713214
19207.0,410.29998779296875,415.67999267578125,410.0,414.45001220703125,65.7769872473267,-3.4289473581031134,-0.0006755911956808358,-0.0023646060018417403,-0.0035227938946879034,-0.007479807002556127,0.013367059631250067,,,,,,2.734100670857279,415.67999267578125,380.5400085449219,96.49976942456884,92.54734531700804,3.9524241075608018,146,46.13797111300995,47.37194400009507,46.204421841266615,47.6421571950097,46.77437539951276,46.36767619023715,46.833881819006734,50.33524917807218,50.80691875890113,52.81969642470581
19208.0,414.3699951171875,415.0899963378906,412.44000244140625,414.1700134277344,65.46244915370247,-2.7164929439426584,-0.00169015666112049,-0.0028491275444915143,-0.006808815782871291,0.014052144331922145,,,,,,,2.5669491182691146,415.67999267578125,380.6600036621094,95.68823608865961,93.18704367547217,2.5011924131874395,147,45.19455190209606,45.537520183090514,47.38300235163423,47.69441632536643,47.28349885061285,47.49814666767661,50.89762159304687,50.97749856583774,51.759258576380994,51.02917707424724
19209.0,409.6600036621094,414.1499938964844,409.6000061035156,413.4700012207031,64.63035972517008,-2.0229194223152978,-0.0011609330420851993,-0.005127325104429703,0.015768952993984175,,,,,,,,2.245356710982554,415.67999267578125,385.3900146484375,92.70388557864554,94.96396369729132,-2.2600781186457795,148,44.13554452314777,47.19842879689465,47.9992170405563,46.80046078746157,47.29502021868194,51.35007843855854,51.171919935948985,50.603550890479035,50.867493942340694,49.444724022427444
19212.0,415.25,417.6199951171875,411.8299865722656,412.989990234375,64.02934232808136,-1.3624318323753533,-0.003971002129927292,0.01694956334420472,,,,,,,,,1.8527445151928124,417.6199951171875,389.95001220703125,83.26704827449294,90.55305664726602,-7.286008372773082,149,44.53610073207246,47.12332619684907,46.62640831149966,46.226380402687184,50.329979188924966,50.599432430061086,50.26366646535444,50.06660871699058,50.30360617656044,48.687237823541146
19213.0,412.2200012207031,412.75,410.2200012207031,411.3500061035156,61.9110221837032,-0.7539220533582834,0.021003972292843898,,,,,,,,,,1.3579503162183881,417.6199951171875,389.95001220703125,77.34010521788042,84.43701302367296,-7.09690780579254,150,42.97889597169738,47.392387187646904,46.470178302849355,49.49756390205899,50.553940230564244,50.52176406764528,49.69654897118876,49.28133104223437,50.139447385483905,48.80054005565016
19214.0,418.7799987792969,420.1400146484375,416.7200012207031,419.989990234375,67.93054560902101,-0.12813888454839117,,,,,,,,,,,1.4779968618878874,420.1400146484375,389.95001220703125,99.50306590947227,86.70340646728187,12.799659442190404,151,42.978578058146226,47.1566274784003,49.22248434405372,50.26042964126025,50.52557020911739,50.746561469158614,48.93287482789852,50.2073571288473,51.680123236978304,53.897242363752916
